datetime,Maharashtra_temp_mean_c,Maharashtra_temp_max_c,Maharashtra_humidity_pct,Gujarat_temp_mean_c,Gujarat_temp_max_c,Gujarat_humidity_pct,Uttar Pradesh_temp_mean_c,Uttar Pradesh_temp_max_c,Uttar Pradesh_humidity_pct,Tamil Nadu_temp_mean_c,Tamil Nadu_temp_max_c,Tamil Nadu_humidity_pct,Karnataka_temp_mean_c,Karnataka_temp_max_c,Karnataka_humidity_pct,Delhi_temp_mean_c,Delhi_temp_max_c,Delhi_humidity_pct,Rajasthan_temp_mean_c,Rajasthan_temp_max_c,Rajasthan_humidity_pct,Punjab_temp_mean_c,Punjab_temp_max_c,Punjab_humidity_pct,West Bengal_temp_mean_c,West Bengal_temp_max_c,West Bengal_humidity_pct,Kerala_temp_mean_c,Kerala_temp_max_c,Kerala_humidity_pct,Madhya Pradesh_temp_mean_c,Madhya Pradesh_temp_max_c,Madhya Pradesh_humidity_pct,Bihar_temp_mean_c,Bihar_temp_max_c,Bihar_humidity_pct,Odisha_temp_mean_c,Odisha_temp_max_c,Odisha_humidity_pct
2019-01-02,22.3,29.2,60,19.0,28.0,52,14.0,21.5,71,24.1,26.4,64,18.7,26.9,58,14.1,21.1,71,16.0,24.2,51,12.9,19.2,71,17.0,24.7,72,25.5,32.0,59,18.5,27.4,42,15.0,22.0,71,18.8,25.8,61
2019-01-03,21.6,28.3,63,19.2,28.2,47,14.2,22.3,71,24.1,27.1,69,19.5,27.8,55,13.4,20.7,70,15.5,23.7,52,12.5,19.6,60,17.2,24.9,70,25.7,32.2,60,17.1,24.9,52,15.0,21.9,71,19.5,27.6,68
2019-01-04,21.8,29.4,69,19.0,28.5,53,14.4,21.5,68,24.0,26.9,72,19.7,27.5,56,12.6,18.8,70,14.6,20.9,60,13.0,18.9,55,16.8,24.2,68,25.7,31.8,58,16.7,25.6,54,15.4,22.0,72,19.1,26.5,72
2019-01-05,22.3,27.8,68,19.3,27.7,58,14.7,22.1,67,24.3,27.3,68,19.2,27.1,61,13.4,20.5,69,15.3,22.6,65,12.4,18.3,66,16.8,24.3,68,24.9,31.4,64,18.3,27.3,53,16.3,22.3,70,18.9,26.5,64
2019-01-06,22.6,29.7,60,19.4,26.2,52,14.9,20.9,77,24.0,27.2,67,19.6,27.7,63,13.0,18.2,77,14.9,20.5,63,11.2,14.3,80,17.3,25.3,71,25.1,31.5,67,18.9,25.7,47,16.1,23.4,71,19.0,27.0,65
2019-01-07,23.1,30.0,53,17.7,24.9,49,14.9,20.6,79,24.3,28.1,73,19.8,27.5,63,12.4,19.0,77,13.9,20.4,61,11.5,18.5,71,17.5,25.7,70,25.2,31.2,64,15.0,20.9,66,17.3,23.4,65,19.6,28.3,67
2019-01-08,22.2,29.4,57,17.6,25.3,52,14.5,21.4,69,23.6,28.7,78,20.7,28.3,53,12.2,18.3,75,13.5,20.3,62,12.2,18.5,64,18.4,25.7,67,25.2,32.0,68,14.7,21.8,65,17.1,23.2,70,20.6,28.5,62
2019-01-09,21.0,27.3,66,18.2,26.1,50,13.5,20.2,70,23.2,27.6,79,20.8,29.0,47,12.6,19.3,69,14.1,21.8,57,12.3,18.8,71,18.5,25.6,70,25.2,32.1,66,14.6,22.0,61,15.8,22.1,66,20.3,27.2,63
2019-01-10,21.8,28.2,65,18.4,26.8,53,14.1,20.3,68,24.2,27.3,72,20.6,29.1,50,12.7,19.4,66,13.7,21.2,59,11.9,17.8,68,18.0,24.7,71,24.9,32.2,64,14.7,22.3,63,14.9,21.0,67,20.2,27.4,71
2019-01-11,22.0,28.0,67,18.5,27.4,52,13.6,20.5,73,24.9,27.8,65,20.7,28.7,58,12.9,19.4,68,13.9,21.2,59,12.6,18.3,74,17.6,24.6,65,25.8,30.9,70,15.8,23.7,57,15.3,21.6,65,20.2,27.1,71
2019-01-12,21.6,26.8,72,19.3,27.2,52,14.0,21.2,74,24.3,27.4,69,20.8,28.3,60,13.9,19.8,67,14.0,21.2,62,13.2,19.6,65,17.4,25.3,70,26.1,31.5,70,17.1,25.2,58,15.9,22.2,60,20.5,27.2,67
2019-01-13,21.6,28.8,63,20.1,27.4,55,14.3,21.9,74,24.6,27.8,68,20.8,28.8,56,14.5,20.9,72,14.6,21.5,61,13.9,19.2,66,18.4,25.8,68,26.4,32.5,65,17.6,24.9,61,15.8,20.9,67,20.6,27.9,65
2019-01-14,22.7,29.1,58,20.2,27.0,47,15.0,21.9,60,24.3,27.2,66,20.7,28.5,55,12.5,18.1,58,14.5,21.2,45,12.0,18.5,60,19.1,26.5,70,26.7,32.2,70,15.8,22.5,63,16.3,23.0,69,21.8,30.2,67
2019-01-15,23.6,31.2,62,19.4,26.6,47,12.3,19.2,60,23.8,27.3,73,20.2,28.3,43,11.5,18.7,56,13.7,22.1,34,11.3,18.1,57,19.1,25.0,61,26.7,32.7,70,15.3,22.6,54,14.5,20.4,59,21.2,28.2,66
2019-01-16,23.8,29.7,65,19.1,28.2,54,12.7,19.7,67,24.2,27.6,76,20.5,28.3,49,11.7,18.9,67,13.7,21.6,51,12.2,17.5,67,17.0,24.2,61,26.5,32.3,68,16.0,24.4,53,14.3,21.3,69,19.7,26.7,62
2019-01-17,23.1,29.0,67,19.6,28.2,55,13.0,20.8,74,24.3,27.8,75,20.5,28.3,59,12.7,20.0,71,15.0,23.9,59,12.6,19.3,75,17.2,25.0,59,26.0,32.8,64,17.9,26.1,44,15.0,22.0,69,19.8,27.4,66
2019-01-18,22.4,28.4,66,20.8,29.5,51,13.7,21.9,73,24.0,27.3,71,21.4,28.5,59,12.0,20.3,72,15.4,23.4,57,12.9,19.9,69,18.6,26.0,60,25.5,31.9,63,16.6,24.7,50,15.3,22.4,69,20.9,28.6,73
2019-01-19,23.6,29.8,69,21.6,30.5,47,14.1,22.8,72,23.8,27.3,73,20.6,28.9,54,14.4,22.7,67,16.8,24.4,58,14.9,22.0,66,17.9,25.9,65,25.4,32.1,66,17.1,26.0,48,15.8,23.1,71,20.6,28.4,72
2019-01-20,24.0,30.6,72,22.0,31.7,52,16.2,24.4,66,23.4,27.5,76,20.7,28.2,47,17.8,24.8,67,18.1,26.3,58,16.0,21.3,61,18.0,25.8,67,25.2,31.4,64,19.7,29.3,45,16.2,23.3,69,20.5,28.7,70
2019-01-21,23.1,27.4,77,21.1,29.0,56,17.4,25.2,66,23.5,27.1,74,20.5,29.1,53,16.2,20.8,80,17.1,23.7,64,14.9,18.0,69,18.8,26.7,68,25.2,31.6,60,21.0,29.4,43,16.8,23.9,71,21.1,29.9,72
2019-01-22,22.7,25.8,81,19.8,25.4,63,17.8,21.7,67,24.2,27.6,72,20.4,28.2,56,14.8,19.5,86,15.4,20.5,70,11.8,13.5,89,19.6,27.4,70,25.1,30.7,61,20.4,26.6,46,18.4,25.9,68,21.6,29.1,77
2019-01-23,22.3,25.7,75,19.5,25.4,54,17.1,21.7,75,24.6,27.9,75,21.9,28.8,60,13.2,18.5,84,14.7,20.8,67,11.5,16.8,80,20.3,28.2,66,25.2,31.8,66,19.2,25.2,52,18.0,22.1,70,21.2,28.9,76
2019-01-24,21.6,26.1,65,18.6,25.4,47,16.2,22.5,78,24.6,28.1,78,22.9,29.4,59,13.7,19.6,81,13.8,19.4,80,11.8,17.8,70,21.5,28.6,65,25.8,31.6,73,17.8,24.3,68,18.0,23.2,78,21.5,29.1,74
2019-01-25,21.5,25.6,48,17.6,24.0,46,15.1,19.7,85,25.4,28.1,80,22.2,28.8,61,12.1,17.0,79,12.9,18.5,65,11.0,15.9,70,21.8,28.9,65,26.3,30.7,74,15.6,19.7,78,17.7,20.4,86,21.7,29.0,74
2019-01-26,21.7,27.0,49,16.7,22.8,41,14.6,18.7,87,25.7,28.3,80,22.5,27.4,70,11.3,17.2,66,11.7,18.2,48,10.4,16.3,69,22.5,29.0,60,26.6,31.4,77,14.7,20.5,69,16.7,19.0,86,22.1,29.1,68
2019-01-27,22.9,28.9,50,16.1,23.0,39,14.0,20.3,74,25.5,28.1,77,21.8,26.9,73,10.1,16.2,66,11.6,18.3,49,9.8,15.6,71,21.1,24.8,64,26.5,30.3,76,13.1,19.1,63,18.1,23.0,76,21.2,25.3,69
2019-01-28,22.8,28.1,45,15.9,22.8,41,12.6,19.2,67,25.5,28.0,68,20.5,25.6,81,10.6,17.1,61,11.7,18.6,47,10.8,16.5,62,20.2,24.4,68,26.5,30.8,76,12.2,18.6,52,16.9,21.8,65,20.7,24.7,69
2019-01-29,22.7,29.1,45,16.3,23.3,40,12.7,19.3,63,25.2,28.3,70,20.8,25.7,71,11.1,18.2,60,12.4,20.0,43,11.3,17.1,65,18.9,23.9,55,26.7,31.5,75,12.5,19.0,52,15.0,20.8,64,20.9,27.1,66
2019-01-30,22.0,29.1,60,17.5,26.1,43,13.5,20.8,66,25.1,27.7,73,20.7,26.7,63,11.5,18.5,68,13.0,20.2,48,11.5,15.0,69,17.1,24.1,47,26.8,32.1,70,14.2,21.9,52,15.0,21.7,63,19.2,26.2,52
2019-01-31,21.8,27.6,65,18.3,26.8,48,15.2,21.2,67,25.2,27.6,67,20.6,26.1,63,13.0,18.6,69,14.5,21.4,58,12.9,16.6,71,17.9,25.7,57,27.0,32.5,65,16.6,25.9,50,16.9,22.6,68,19.3,27.0,51
2019-02-01,22.1,27.3,69,19.4,26.1,44,16.1,23.7,74,25.0,27.9,67,20.6,26.2,63,14.2,19.3,74,15.3,22.0,57,12.9,17.6,78,19.1,27.2,62,27.0,32.1,60,19.1,27.2,51,17.8,24.2,67,19.7,28.2,54
2019-02-02,22.0,26.7,64,18.7,26.6,44,17.1,24.4,67,24.9,28.3,71,21.2,27.9,61,12.9,19.4,80,13.6,20.7,61,12.7,19.4,72,20.5,28.4,60,26.6,32.0,68,18.9,26.2,61,17.3,25.3,70,21.0,29.7,59
2019-02-03,22.5,27.9,70,20.6,28.6,50,15.8,23.4,73,25.2,28.5,74,22.0,28.3,62,12.6,19.9,81,13.6,21.2,64,12.5,20.3,76,20.4,28.8,58,26.9,32.3,70,19.3,26.5,66,18.4,25.9,67,21.7,30.4,58
2019-02-04,24.0,29.3,67,23.6,31.9,57,14.7,23.5,75,25.7,28.0,76,22.4,29.2,60,14.2,20.8,73,15.3,23.4,68,13.0,19.9,73,20.8,28.2,57,27.5,32.7,66,20.9,29.0,58,16.9,24.0,67,22.5,30.9,51
2019-02-05,23.5,28.1,77,23.4,30.4,60,16.3,24.0,74,25.6,28.8,76,22.9,29.2,63,15.9,22.0,75,18.2,25.2,71,14.2,19.0,72,20.4,27.7,58,27.9,33.7,71,22.1,29.8,43,16.9,24.2,70,22.9,31.1,58
2019-02-06,22.9,26.4,75,21.7,27.7,38,18.8,26.2,77,25.0,29.1,79,23.1,29.7,52,17.1,23.1,84,19.2,26.0,63,16.0,20.5,59,20.9,28.9,59,27.2,31.0,78,22.7,28.9,47,18.7,26.1,69,23.9,31.9,54
2019-02-07,21.8,24.9,72,18.4,23.7,41,18.5,23.5,77,25.4,28.9,79,23.9,30.5,53,15.7,20.1,89,16.4,22.6,48,14.2,16.4,80,22.6,30.3,68,27.5,31.7,75,20.8,26.5,49,21.0,27.6,66,24.1,32.5,59
2019-02-08,19.9,23.1,63,15.8,22.5,42,17.0,22.6,73,26.5,29.8,78,24.4,30.7,60,12.7,18.6,71,13.0,19.0,39,11.6,17.0,67,23.7,30.9,63,27.4,31.7,75,16.5,22.7,43,19.7,23.7,74,24.2,32.3,72
2019-02-09,20.5,27.1,50,16.5,23.4,35,14.5,20.0,74,26.5,29.8,81,22.9,29.2,73,12.5,18.8,68,13.6,20.2,43,12.0,18.4,67,22.4,28.4,65,26.4,31.2,84,14.5,20.4,38,17.4,22.2,74,24.3,30.8,75
2019-02-10,20.7,27.6,56,17.7,25.7,37,14.7,21.3,69,26.4,29.6,80,23.2,28.6,74,12.4,18.3,72,13.8,19.7,46,12.4,18.5,71,20.2,26.2,57,26.1,28.6,89,14.5,22.1,46,16.2,22.4,66,22.4,28.5,55
2019-02-11,23.1,30.1,62,19.7,28.6,41,14.5,21.4,71,26.6,29.3,73,23.0,29.2,69,13.2,19.3,73,14.5,21.5,54,14.0,19.5,74,19.0,26.4,59,27.2,32.5,77,16.7,25.0,46,17.1,23.1,71,21.4,28.9,55
2019-02-12,25.2,31.4,54,22.4,31.4,44,15.5,22.5,70,26.3,28.9,71,22.1,28.4,65,15.2,21.3,75,16.4,23.6,59,15.3,20.3,77,20.0,27.9,61,27.4,32.7,68,19.8,29.1,49,17.7,24.0,68,21.8,29.9,59
2019-02-13,24.8,28.6,59,23.2,30.9,52,17.0,24.2,72,25.8,29.0,72,22.2,29.1,59,16.5,23.5,73,19.0,26.6,58,16.2,21.6,76,21.4,29.4,58,26.6,32.6,71,22.7,31.3,50,18.3,25.4,71,22.6,31.1,63
2019-02-14,24.2,28.4,65,22.3,29.2,52,17.7,21.8,79,25.6,29.1,75,23.1,30.0,54,16.3,20.4,83,19.8,26.7,65,16.6,21.4,73,22.6,30.9,57,26.6,31.7,72,22.9,30.2,57,19.3,25.2,74,24.1,33.0,65
2019-02-15,23.3,27.4,70,21.3,28.8,47,17.9,23.9,85,25.8,29.7,79,23.9,29.3,63,15.9,20.7,85,18.0,24.2,55,15.0,18.8,84,23.7,31.7,57,27.1,31.6,77,22.4,29.4,53,19.5,25.3,78,24.1,33.1,73
2019-02-16,21.9,27.0,71,21.1,27.6,35,17.2,21.6,87,26.5,30.0,79,24.8,31.5,61,14.4,19.3,85,16.0,22.6,50,14.4,19.4,79,21.8,26.8,65,27.1,31.9,80,18.8,24.9,55,19.7,24.9,79,23.2,29.1,66
2019-02-17,21.8,26.3,68,20.6,28.6,40,16.5,22.2,77,27.2,30.2,80,25.4,31.9,49,14.6,20.7,79,16.7,23.5,50,14.0,19.0,76,22.3,28.1,66,27.3,31.0,83,18.0,25.6,44,18.8,23.9,69,25.5,32.6,65
2019-02-18,22.5,27.9,69,22.1,31.2,40,17.4,24.2,72,27.5,30.9,82,24.8,32.0,48,16.3,22.5,71,19.5,27.7,43,13.6,18.4,79,21.7,28.0,54,27.5,31.7,79,20.8,29.2,45,18.7,24.7,66,24.6,32.2,63
2019-02-19,23.2,28.3,68,22.7,29.9,61,19.2,25.5,75,27.4,30.0,81,25.4,31.3,64,16.9,22.1,77,20.5,26.6,45,14.8,18.9,75,23.8,31.3,67,27.8,31.6,78,22.8,31.0,42,20.5,27.5,67,25.6,32.9,76
2019-02-20,23.7,28.5,76,25.3,35.1,55,19.4,26.7,78,27.2,30.0,75,25.0,31.7,59,17.0,20.5,82,19.6,24.6,67,16.1,20.2,64,25.4,32.7,69,28.6,33.2,67,24.1,32.2,40,21.5,28.3,64,27.2,34.9,73
2019-02-21,23.8,28.5,82,25.0,31.2,57,19.5,25.3,74,26.4,30.3,74,23.8,30.9,53,19.3,25.4,75,22.1,30.1,63,17.2,21.1,75,25.4,33.2,65,28.1,34.3,66,26.8,34.2,44,21.7,28.7,70,27.3,34.9,72
2019-02-22,25.0,28.7,71,24.5,31.3,57,21.7,28.2,71,25.8,31.3,73,23.6,31.7,41,17.9,22.7,72,20.1,25.6,51,16.2,21.3,78,26.5,34.7,68,27.4,33.7,63,24.6,31.3,48,24.3,30.9,66,28.3,38.1,61
2019-02-23,25.9,31.2,61,22.9,29.5,40,18.0,23.5,63,25.3,32.2,70,24.2,33.0,30,15.1,21.5,64,17.6,24.6,38,14.6,20.1,78,27.5,34.1,60,27.5,33.8,58,22.1,29.1,63,23.4,28.9,57,29.1,36.9,51
2019-02-24,25.2,29.3,59,22.4,30.1,38,16.1,21.3,67,25.8,32.0,76,24.7,33.2,33,15.4,22.0,66,18.4,25.3,41,14.2,20.0,75,26.4,32.3,53,26.6,33.3,57,21.8,29.1,58,20.1,25.7,58,28.0,35.6,68
2019-02-25,24.4,29.2,65,23.0,30.6,47,17.6,25.2,64,26.0,30.4,77,25.3,33.4,31,15.5,22.3,65,18.0,25.8,47,13.8,20.3,66,23.7,29.6,73,26.8,33.3,71,21.8,28.2,38,21.2,27.6,63,26.4,31.0,74
2019-02-26,24.5,30.2,71,23.3,28.8,51,18.6,25.8,60,27.1,31.2,77,25.8,33.3,42,15.6,21.4,67,15.2,20.1,64,13.5,18.3,70,21.2,23.0,90,27.6,31.5,74,21.9,28.0,36,21.3,27.1,60,26.6,31.2,76
2019-02-27,23.2,26.9,78,22.3,28.2,51,15.6,19.5,73,27.6,31.0,76,25.9,32.4,48,13.5,17.6,79,14.7,21.0,61,11.4,14.9,78,22.3,27.5,83,27.8,31.7,71,20.2,24.1,48,19.7,24.7,80,26.6,31.1,71
2019-02-28,23.7,28.8,67,20.5,27.2,31,15.0,21.4,68,27.6,30.4,79,25.6,32.3,41,13.1,19.3,70,15.2,22.0,49,11.7,17.6,66,21.3,25.4,81,28.5,32.5,70,18.0,23.7,50,18.6,23.3,69,24.6,31.3,80
2019-03-01,23.6,27.7,59,21.7,29.7,37,15.3,22.0,59,27.9,30.5,76,25.7,32.5,58,13.9,21.1,66,16.6,23.1,44,13.6,19.8,66,20.4,25.2,70,28.6,33.5,71,18.2,25.3,41,17.4,23.7,52,23.4,28.7,71
2019-03-02,24.3,27.5,76,25.6,34.6,33,16.4,22.2,64,27.9,30.3,66,25.6,31.8,61,15.0,20.9,73,17.1,22.1,54,14.1,16.8,81,19.9,25.4,68,28.3,33.8,72,21.6,29.7,41,18.2,24.3,60,23.3,29.8,69
2019-03-03,24.0,27.0,82,24.5,29.6,63,17.5,22.7,76,27.4,30.5,72,25.4,32.5,53,15.9,21.6,80,17.1,23.7,67,15.1,20.6,79,21.3,27.2,72,27.9,33.2,71,23.6,31.9,53,18.7,26.5,68,24.9,31.8,73
2019-03-04,23.9,27.7,84,23.3,29.1,47,18.3,24.5,76,27.5,30.9,73,26.1,32.7,58,16.9,22.5,80,18.4,24.2,68,15.1,20.8,77,22.9,27.3,86,27.3,31.2,78,22.4,28.3,60,20.8,27.4,68,26.9,32.4,77
2019-03-05,23.9,26.6,78,22.7,29.1,42,19.7,25.6,64,28.3,32.8,76,26.6,31.2,55,16.1,21.9,71,18.2,24.3,52,14.6,20.2,73,23.2,27.6,86,28.0,32.4,75,21.4,27.6,44,21.9,27.5,62,27.4,32.6,80
2019-03-06,23.3,26.7,76,23.5,29.9,37,18.1,24.8,56,28.7,33.7,78,27.6,34.2,42,16.7,23.3,63,18.2,25.2,38,15.9,21.4,66,23.6,28.3,82,28.3,32.3,74,20.9,27.2,43,21.0,27.7,52,26.4,31.5,77
2019-03-07,23.3,28.0,76,24.3,31.2,38,18.2,25.8,57,28.9,32.9,77,27.2,35.0,32,17.1,23.9,62,19.1,26.8,41,15.9,22.2,64,22.8,27.6,73,28.5,33.1,75,21.3,28.1,36,20.2,27.1,49,25.5,30.0,70
2019-03-08,24.3,28.8,70,24.6,32.2,41,19.1,27.6,57,28.5,31.6,80,26.6,34.4,39,18.6,24.2,58,20.7,27.4,41,14.8,20.5,65,22.6,27.7,64,28.8,32.2,73,23.1,31.0,36,20.7,28.0,49,25.3,32.4,68
2019-03-09,25.5,29.5,64,24.9,31.5,37,21.1,27.4,52,28.0,30.8,80,25.8,30.6,61,18.2,25.2,65,21.3,27.3,43,16.5,22.1,62,22.9,29.3,70,28.3,32.9,76,24.1,30.8,34,22.6,30.5,47,26.0,33.2,75
2019-03-10,25.2,29.6,67,25.2,32.6,33,21.7,28.5,49,28.1,31.5,78,26.9,33.2,54,17.7,24.7,54,20.9,26.7,41,16.5,22.7,68,25.0,30.2,82,27.8,32.3,78,23.0,30.9,43,24.0,30.9,48,27.5,33.0,77
2019-03-11,24.5,27.9,78,24.5,30.2,44,22.6,30.2,44,27.7,31.3,76,27.0,33.3,49,20.0,26.4,55,21.8,28.6,39,16.4,21.0,70,25.9,30.8,84,27.7,32.2,77,25.2,32.9,40,23.8,30.9,51,28.4,35.8,75
2019-03-12,24.2,27.7,79,23.6,31.4,33,24.0,31.5,45,27.3,31.5,76,26.4,33.0,39,19.6,26.6,57,20.7,27.0,41,16.9,23.7,64,26.5,32.2,80,27.1,33.1,75,24.5,31.7,35,25.2,33.6,46,28.6,36.0,75
2019-03-13,24.0,27.6,76,24.3,31.0,31,22.8,30.3,47,26.9,31.3,77,26.0,33.0,33,18.3,23.2,63,19.9,25.7,48,16.6,22.4,67,27.5,33.0,81,28.0,34.2,67,25.1,32.7,38,25.7,32.6,46,29.5,37.1,71
2019-03-14,24.4,28.6,69,23.9,31.0,35,23.6,30.8,41,26.9,32.0,73,26.3,32.9,34,17.2,24.2,72,19.1,25.8,58,17.3,23.5,64,27.7,32.6,80,28.6,33.6,69,25.6,32.0,41,26.1,32.5,45,29.2,36.6,72
2019-03-15,25.9,32.7,53,24.3,32.1,33,23.5,30.4,44,27.1,31.9,75,26.6,33.0,26,17.9,25.1,65,19.7,26.8,47,16.3,23.1,65,27.4,32.5,73,28.1,33.8,69,23.6,29.8,41,25.6,30.8,58,28.7,34.5,71
2019-03-16,25.0,30.0,60,25.0,32.8,34,20.9,28.5,44,27.2,31.4,75,25.5,32.5,34,18.1,25.3,57,19.9,26.6,39,17.5,24.1,64,26.8,31.4,72,28.0,34.5,67,23.3,30.2,41,25.3,31.9,50,27.8,34.4,73
2019-03-17,24.7,28.7,74,25.5,33.3,31,20.9,28.5,45,27.1,31.0,71,25.2,32.8,37,20.1,26.6,49,21.8,28.0,34,18.5,24.8,71,26.0,32.1,78,28.1,32.1,69,24.1,30.4,43,24.1,31.0,38,28.6,35.9,66
2019-03-18,25.2,30.7,65,26.1,33.8,26,21.5,29.6,46,27.3,31.1,72,25.4,33.4,49,20.7,27.2,49,22.1,29.0,34,18.8,25.7,65,23.6,27.1,72,28.6,34.1,72,24.3,31.2,46,22.7,27.9,63,26.4,32.2,62
2019-03-19,25.2,30.3,65,27.6,35.0,26,22.3,30.6,47,27.8,31.6,74,26.4,33.9,51,21.7,29.5,50,23.4,30.8,36,19.9,26.6,59,25.0,29.8,74,28.6,33.2,72,24.5,32.5,32,23.6,30.7,53,27.4,34.1,68
2019-03-20,25.0,28.6,79,26.8,33.1,41,24.5,32.5,43,27.9,31.6,75,26.7,33.3,50,23.3,30.7,47,24.4,32.0,30,20.7,27.7,48,26.3,31.6,79,28.0,32.1,75,26.5,33.8,31,24.4,32.2,45,28.3,35.2,72
2019-03-21,24.6,28.6,80,27.0,33.9,40,25.5,32.2,40,27.7,31.8,75,26.9,34.0,46,22.8,30.3,49,25.3,32.3,32,20.6,27.2,48,27.3,33.7,78,27.9,32.6,74,26.1,33.3,29,26.4,34.0,45,28.8,35.5,71
2019-03-22,24.4,28.6,78,28.3,35.6,34,25.3,32.3,34,28.3,32.0,73,27.2,33.4,48,22.0,29.1,40,24.4,30.8,29,20.1,26.4,48,27.2,32.1,81,28.6,33.4,69,25.7,32.8,30,27.2,33.9,48,29.1,36.4,70
2019-03-23,26.8,31.2,61,28.8,36.3,28,23.7,31.0,35,28.4,32.3,77,27.8,33.9,50,22.4,30.0,38,24.5,31.7,27,20.6,27.5,48,27.2,33.7,68,28.8,33.9,74,25.5,32.8,31,25.4,31.7,33,29.3,36.3,65
2019-03-24,28.5,34.1,50,29.5,36.9,31,25.0,33.1,42,28.2,32.7,77,28.2,34.1,46,24.1,31.3,45,25.8,33.5,33,21.3,27.5,51,25.9,32.8,55,28.9,34.3,74,26.7,34.2,28,25.8,33.0,40,29.4,37.2,64
2019-03-25,28.8,34.2,50,30.0,37.4,29,25.3,33.3,50,28.0,32.3,76,27.8,34.6,46,21.7,28.4,62,25.4,31.6,40,19.8,25.4,59,26.8,34.1,62,29.0,34.5,71,28.5,36.2,27,26.6,34.0,47,29.2,36.8,71
2019-03-26,28.7,35.0,54,29.9,36.4,27,24.9,32.1,49,28.2,32.6,74,27.4,34.1,35,22.3,29.9,57,24.5,32.2,35,20.3,27.1,59,27.1,34.5,66,28.6,33.7,67,27.3,34.5,31,24.4,31.0,60,29.1,36.8,69
2019-03-27,26.8,31.0,78,30.5,38.3,25,25.0,32.2,45,27.6,31.9,75,27.3,35.0,34,23.6,31.1,52,25.3,33.4,31,22.4,28.7,56,25.9,32.0,65,28.6,35.6,65,26.4,34.1,33,24.5,31.5,65,28.7,35.6,71
2019-03-28,26.1,30.8,79,31.5,39.9,27,25.6,33.3,50,28.2,34.1,75,27.8,35.6,34,26.0,33.8,52,28.6,37.1,30,23.8,30.5,55,27.3,33.3,75,28.7,35.4,75,28.1,36.0,29,26.6,32.9,54,29.3,36.9,72
2019-03-29,27.1,31.4,73,32.3,40.4,29,28.0,35.6,48,28.6,33.0,78,28.1,35.0,38,27.9,35.8,50,30.5,39.2,25,24.6,31.2,57,27.7,32.5,77,28.7,34.0,71,31.3,39.2,23,27.4,33.8,52,29.3,36.3,71
2019-03-30,26.9,30.1,79,32.1,39.4,28,29.7,37.5,42,28.7,33.2,76,28.2,34.6,34,27.0,35.9,54,29.9,37.1,33,24.4,32.3,49,28.6,34.6,75,28.8,33.8,72,32.5,39.6,20,28.5,34.4,56,30.0,38.2,70
2019-03-31,27.3,30.5,77,31.4,39.8,26,29.2,37.5,38,29.2,34.3,77,27.9,34.4,46,26.5,34.4,41,29.2,36.9,27,24.0,30.9,40,27.7,35.3,80,28.8,32.7,73,32.1,38.7,19,28.0,36.0,64,30.3,37.6,72
2019-04-01,26.6,29.7,76,31.6,39.7,29,27.0,35.1,30,29.2,34.0,75,28.2,35.2,40,25.5,33.5,33,28.1,36.1,17,23.7,30.4,43,28.3,34.2,78,28.6,32.1,77,29.8,37.3,24,27.0,33.6,65,29.8,35.8,73
2019-04-02,25.8,29.2,82,31.9,40.2,25,26.3,34.8,37,28.8,33.2,77,28.2,34.2,41,25.5,33.5,39,27.9,36.3,21,23.8,31.4,45,28.1,34.0,79,28.9,33.1,74,30.1,38.4,19,25.7,30.8,63,30.1,37.4,68
2019-04-03,26.8,31.1,80,32.3,40.0,27,27.5,36.5,33,28.5,32.3,75,27.9,33.4,42,26.3,35.0,39,29.1,37.9,26,25.4,32.5,41,28.2,34.9,78,28.9,33.4,76,31.1,39.5,16,27.9,34.4,52,29.5,37.5,73
2019-04-04,27.0,30.4,83,32.8,40.9,29,28.3,36.8,41,28.9,32.7,74,27.3,34.3,44,28.0,36.4,40,30.4,38.1,26,25.7,33.2,47,28.5,33.6,78,28.4,32.4,72,32.5,40.2,17,28.1,34.3,56,29.4,35.0,74
2019-04-05,27.3,30.0,80,32.2,40.0,30,29.7,37.5,46,28.7,33.0,79,27.9,34.7,39,29.4,37.8,41,31.3,40.2,25,26.3,33.1,49,27.7,34.9,80,28.6,32.5,69,33.2,40.1,17,28.0,34.0,62,30.2,36.9,69
2019-04-06,27.0,30.7,80,31.6,39.9,33,28.1,33.4,55,29.1,33.6,78,28.1,35.2,39,28.8,37.7,47,32.3,38.9,20,26.5,33.6,45,26.8,33.4,80,28.5,33.1,74,32.7,38.7,21,26.3,32.4,70,30.0,37.3,71
2019-04-07,27.2,31.1,80,31.5,40.4,41,27.6,33.6,56,29.3,34.0,76,28.8,35.2,35,28.2,35.1,54,32.1,39.2,22,26.1,33.7,46,25.7,31.9,80,29.0,33.9,77,31.7,39.1,23,25.9,30.8,68,28.9,34.9,76
2019-04-08,27.2,30.7,82,31.5,39.6,35,27.4,34.5,55,29.6,33.1,76,28.5,34.6,46,26.9,35.3,54,30.0,37.8,33,24.9,29.1,53,27.4,33.3,80,28.6,31.8,79,32.3,39.5,22,26.2,33.4,70,28.9,34.0,77
2019-04-09,27.2,30.4,84,31.7,39.9,34,29.7,38.1,45,29.6,32.8,78,28.1,33.5,45,28.4,36.7,47,30.7,38.6,31,25.3,32.7,46,27.2,34.0,81,28.7,32.0,79,32.3,39.3,20,25.3,31.8,71,29.2,35.6,77
2019-04-10,27.3,30.8,83,32.2,39.9,41,29.1,36.2,49,29.7,33.1,77,28.3,33.9,44,29.2,37.5,43,31.2,38.4,29,28.1,35.3,39,26.8,33.7,82,28.9,32.4,78,32.8,40.0,22,26.8,32.8,64,29.7,35.8,75
2019-04-11,27.8,30.8,81,33.3,40.5,31,30.3,38.2,44,29.4,33.4,78,28.5,34.5,45,30.4,37.9,36,32.1,39.8,24,28.7,35.3,33,28.4,34.2,83,28.8,32.3,78,33.1,40.1,19,28.2,33.4,62,30.1,37.4,73
2019-04-12,28.1,31.5,78,33.5,40.9,32,31.2,39.2,40,29.6,33.9,77,28.8,35.0,36,29.6,37.3,36,31.7,38.5,25,27.6,34.0,38,28.9,33.7,82,29.0,34.0,76,33.4,40.3,18,29.9,35.8,59,30.4,37.2,74
2019-04-13,28.8,33.4,68,33.7,40.9,29,31.6,39.9,35,29.4,34.0,76,28.5,34.8,40,29.9,36.8,38,32.0,38.8,25,27.4,34.3,42,29.4,35.2,80,29.5,34.3,75,33.3,40.6,17,30.9,36.8,55,30.3,38.8,73
2019-04-14,28.8,33.4,73,33.8,41.3,28,32.4,40.5,29,29.3,33.7,75,28.5,34.9,40,30.6,37.6,34,31.8,38.5,27,28.1,35.6,38,29.5,34.9,80,29.0,33.3,79,33.6,41.0,18,31.6,39.4,55,30.8,39.3,70
2019-04-15,29.2,34.6,75,32.4,38.5,31,32.9,40.6,29,29.1,33.8,75,27.9,34.6,39,31.1,38.6,31,32.3,38.5,25,29.5,36.8,36,30.0,35.8,81,28.9,32.4,79,31.9,38.3,24,31.5,40.0,58,31.1,38.5,68
2019-04-16,28.6,30.8,78,29.0,35.1,40,28.7,34.4,40,29.4,34.6,74,28.3,34.2,45,26.2,31.1,49,25.9,31.5,53,25.2,31.1,50,29.3,36.0,81,28.5,32.3,80,27.2,32.0,48,29.9,36.2,63,32.1,40.0,59
2019-04-17,27.8,30.5,61,27.7,33.5,45,24.3,30.9,63,30.1,33.8,73,27.3,34.2,57,21.8,25.9,73,21.8,27.6,69,19.9,23.6,81,27.7,33.9,81,27.4,32.7,85,25.5,32.2,57,26.3,31.3,65,30.7,39.5,55
2019-04-18,27.3,31.0,69,29.6,35.6,40,25.0,30.9,60,30.3,33.4,75,27.0,34.3,61,22.5,27.9,67,23.8,29.7,56,20.9,26.2,66,28.7,33.7,68,27.6,32.7,85,26.5,33.3,44,27.9,34.0,56,29.4,36.6,69
2019-04-19,28.0,33.2,71,30.2,36.7,28,26.6,32.9,50,30.1,33.0,77,26.5,32.7,63,24.5,29.9,53,25.2,31.3,44,22.6,29.2,57,28.3,33.0,73,27.3,31.3,86,27.8,34.7,38,28.8,35.2,44,29.4,34.2,70
2019-04-20,27.5,31.4,76,31.2,37.9,27,27.5,34.4,44,30.3,33.4,75,25.5,31.1,70,26.4,32.8,47,26.8,33.1,41,24.8,30.1,54,28.4,33.6,67,26.7,30.4,89,28.8,35.8,33,29.2,35.3,41,29.6,36.5,66
2019-04-21,27.6,31.2,75,32.1,39.1,27,29.3,35.7,37,30.4,34.0,73,26.4,32.2,62,28.7,35.4,39,29.2,37.0,31,25.5,32.2,52,27.7,35.3,76,26.8,30.1,85,30.2,37.8,25,30.3,36.2,40,29.9,35.3,70
2019-04-22,27.7,31.2,76,32.7,40.0,26,29.9,37.5,37,30.4,33.6,75,26.4,32.0,62,30.1,37.3,40,31.8,38.7,22,27.2,34.1,44,27.3,32.2,76,28.0,31.4,84,31.5,38.3,23,29.8,35.2,51,29.8,37.1,68
2019-04-23,28.0,32.0,78,34.1,41.4,29,30.7,37.4,46,30.3,33.8,76,26.4,32.5,61,32.1,39.1,34,33.2,40.9,20,29.3,35.3,41,28.2,33.2,79,27.5,31.0,84,32.7,40.2,20,29.5,35.0,57,30.0,37.1,75
2019-04-24,28.2,31.8,77,34.0,41.0,30,32.1,37.6,45,29.7,33.6,74,27.3,33.1,51,32.7,40.2,35,34.8,41.8,17,29.7,35.7,41,29.2,34.5,76,28.7,32.1,79,33.9,41.2,19,31.1,36.7,52,30.3,36.7,73
2019-04-25,28.9,32.3,72,33.9,41.3,28,33.6,40.4,39,29.8,33.8,71,27.9,34.8,43,33.0,39.3,36,35.0,41.2,16,30.1,37.7,36,29.9,35.8,73,28.2,31.4,83,34.7,41.1,20,32.4,37.0,53,30.5,37.1,74
2019-04-26,29.2,33.3,74,34.6,42.2,32,34.2,41.8,31,30.2,34.3,73,28.4,35.5,42,33.0,40.0,33,33.9,40.4,25,30.1,37.6,31,30.3,35.9,75,28.3,32.2,85,34.6,41.8,19,33.3,39.7,53,30.8,37.5,73
2019-04-27,30.4,34.7,69,34.9,42.8,20,34.2,42.0,20,30.5,34.5,74,29.0,35.8,40,33.5,40.2,22,34.4,41.1,19,31.0,37.6,24,31.0,37.3,75,28.5,31.7,85,34.6,41.8,21,33.0,40.7,55,31.3,38.2,72
2019-04-28,30.1,34.6,73,34.4,42.2,20,34.0,41.9,18,30.2,33.7,76,28.4,35.0,46,33.3,40.8,20,34.1,41.2,17,31.2,39.0,20,31.2,36.7,75,28.0,30.1,87,34.5,42.9,19,32.4,40.6,46,31.1,36.4,72
2019-04-29,28.9,31.1,81,33.9,41.9,26,33.3,41.8,21,30.5,33.9,77,28.4,34.1,45,33.6,40.7,19,34.0,40.7,16,31.7,38.2,18,30.7,36.1,75,27.1,29.5,88,34.6,42.2,13,32.0,40.7,55,30.7,35.8,73
2019-04-30,28.7,31.1,78,32.7,41.2,37,33.5,42.1,29,30.8,35.2,77,27.8,33.7,56,34.2,41.6,20,34.1,41.1,16,31.7,39.3,21,30.1,34.8,72,26.8,29.8,86,34.7,41.8,16,32.7,39.7,59,30.0,35.2,70
2019-05-01,28.2,30.6,77,32.4,39.7,37,33.5,42.7,39,31.5,36.7,69,26.5,33.2,68,33.0,40.7,25,33.7,40.2,17,31.7,37.5,25,30.4,34.6,72,26.9,29.7,88,34.0,40.3,20,32.3,39.4,62,30.2,35.3,74
2019-05-02,27.8,30.2,75,32.4,40.3,34,33.9,41.3,35,32.5,40.1,69,27.6,35.1,52,31.5,37.7,33,33.3,40.0,19,30.2,36.1,27,29.6,32.7,77,28.4,31.0,82,33.7,40.5,20,32.1,38.1,59,28.9,34.6,78
2019-05-03,28.1,30.4,71,32.4,39.6,35,31.8,38.0,48,32.4,38.0,63,27.0,34.3,55,31.0,37.5,33,31.7,37.5,28,29.6,36.2,26,27.5,29.6,88,28.6,31.3,77,33.7,39.6,22,29.1,32.7,71,26.0,26.5,88
2019-05-04,28.8,31.0,69,31.8,39.1,44,31.4,38.1,45,32.0,36.6,69,26.9,32.7,55,31.1,38.0,22,31.5,38.1,24,29.1,35.6,22,26.6,30.6,83,28.0,30.4,76,32.8,38.6,29,29.2,35.2,63,29.2,33.8,77
2019-05-05,28.6,31.0,74,32.1,39.1,45,31.6,39.1,20,31.3,35.3,76,27.7,33.2,50,31.1,38.7,19,31.9,39.1,14,29.7,36.5,21,28.7,33.8,81,28.5,31.8,74,32.2,37.4,28,31.8,38.9,39,29.7,34.6,83
2019-05-06,28.3,31.5,79,32.7,40.3,39,33.3,41.4,17,31.5,35.7,74,28.5,33.6,49,32.2,40.1,21,33.2,40.7,12,30.6,37.1,19,30.2,35.5,81,28.6,32.1,79,33.4,40.2,24,32.2,40.2,21,30.1,35.6,84
2019-05-07,28.4,30.8,79,33.2,40.6,31,33.9,42.1,19,31.8,37.2,73,26.3,32.1,69,32.3,40.0,20,34.6,41.0,14,31.8,38.2,16,30.2,35.9,80,28.2,30.2,79,34.2,40.2,19,32.5,41.2,23,29.7,34.5,83
2019-05-08,28.9,31.2,70,32.1,39.4,36,34.9,43.4,20,32.5,39.1,63,25.6,31.1,71,34.0,41.6,18,34.6,40.4,18,32.5,39.7,16,30.7,36.9,79,28.6,31.1,72,34.4,40.5,18,32.3,42.1,35,29.8,34.5,82
2019-05-09,28.7,31.0,68,31.4,37.9,47,35.6,42.7,19,32.7,38.8,61,26.7,32.5,63,34.2,41.1,19,34.2,39.9,19,33.6,39.8,16,30.7,36.3,80,28.5,30.7,74,33.6,40.2,19,33.1,41.7,35,30.3,35.0,81
2019-05-10,28.7,31.4,72,31.4,38.0,43,35.4,42.0,20,31.8,36.4,70,27.8,33.6,51,34.6,40.3,20,33.0,38.5,22,32.5,39.3,21,31.0,36.6,80,28.9,32.9,77,32.8,38.0,27,33.7,41.8,29,30.3,34.9,81
2019-05-11,28.6,31.5,73,32.3,39.5,48,34.4,41.0,24,30.9,34.8,75,27.6,33.7,56,32.3,38.6,29,33.0,38.7,24,30.5,37.2,30,30.8,35.2,79,28.9,31.5,81,32.8,38.9,27,33.7,42.2,38,30.5,35.1,81
2019-05-12,28.4,31.1,76,33.0,40.1,48,33.7,39.9,26,30.3,33.7,78,27.3,33.1,61,31.9,38.5,30,32.6,38.4,25,29.7,36.0,33,31.0,35.9,78,28.3,31.6,83,33.4,39.6,27,33.9,41.2,36,30.5,34.9,79
2019-05-13,29.0,31.2,75,32.9,40.2,44,32.9,38.9,31,30.2,33.8,79,26.4,31.9,66,32.4,38.5,30,33.1,39.2,24,30.5,36.7,32,30.9,36.1,79,28.3,31.4,79,32.2,38.6,30,32.2,39.0,52,30.6,35.7,78
2019-05-14,28.5,31.4,77,32.5,40.4,45,32.2,38.3,35,30.4,33.9,80,27.4,33.3,61,30.1,35.6,42,31.8,38.2,29,27.5,32.1,46,30.4,35.7,77,28.7,31.8,78,32.7,38.7,27,32.5,37.4,49,30.4,36.3,77
2019-05-15,28.6,32.1,76,32.1,39.0,50,32.1,38.8,40,30.8,34.6,79,26.9,32.8,65,30.3,36.9,45,32.0,38.9,31,28.0,35.9,46,30.5,35.5,78,28.5,31.8,79,33.8,39.7,23,32.1,38.0,53,30.4,35.0,78
2019-05-16,28.4,31.8,77,32.3,38.4,50,32.5,39.8,37,30.7,34.2,78,27.1,33.2,63,30.2,36.7,46,32.1,37.4,27,27.6,35.2,49,31.0,36.4,73,28.5,32.2,81,33.5,39.3,27,32.2,37.9,53,30.4,35.6,77
2019-05-17,28.6,32.0,79,32.2,38.3,49,33.1,39.5,34,30.8,34.4,78,27.2,32.6,66,28.3,34.9,57,30.2,36.1,38,26.4,30.5,54,31.5,36.5,76,27.9,31.4,83,33.6,39.0,26,33.7,40.3,45,30.9,36.1,76
2019-05-18,29.0,32.6,79,32.9,38.7,46,31.5,36.7,37,30.5,34.1,80,27.5,32.9,63,27.4,33.4,60,28.9,35.0,46,27.2,33.4,49,32.1,37.1,75,28.2,31.2,83,32.6,38.3,30,34.1,40.8,30,31.7,38.2,75
2019-05-19,29.3,33.1,79,33.6,39.7,43,32.3,38.2,38,30.4,34.6,76,27.9,32.8,57,30.1,36.5,43,31.0,37.5,33,29.1,35.4,42,31.3,37.4,78,28.3,31.1,82,32.8,37.6,28,33.1,38.9,35,31.2,37.1,77
2019-05-20,29.3,32.8,80,34.2,40.4,42,33.4,40.6,29,30.4,35.3,73,28.0,33.5,54,31.9,38.7,34,31.8,38.2,29,31.0,36.9,32,31.3,36.8,77,28.4,31.0,82,34.2,40.6,27,34.1,40.1,38,30.9,36.7,78
2019-05-21,29.5,32.9,82,35.0,41.0,39,35.0,41.7,25,30.5,34.9,74,27.8,32.9,52,32.6,39.3,31,32.3,36.9,32,32.2,38.6,26,31.3,36.0,74,27.9,30.9,84,36.0,41.8,21,34.2,41.0,47,30.9,35.8,75
2019-05-22,29.2,32.0,79,34.7,41.0,40,34.2,41.5,30,30.4,34.4,76,27.2,33.3,62,32.8,39.2,35,33.3,39.3,32,32.5,39.4,26,31.8,37.0,74,28.0,30.8,85,36.0,41.4,24,33.5,39.5,56,31.3,37.0,73
2019-05-23,29.4,32.1,79,35.0,41.5,40,35.2,42.1,31,30.7,34.4,76,27.1,33.0,63,33.1,39.2,37,34.4,39.6,30,31.5,38.0,32,30.9,34.7,75,27.2,30.6,88,35.9,41.3,25,32.6,37.5,58,30.6,34.8,75
2019-05-24,29.5,32.2,76,34.1,40.9,38,35.0,42.3,36,30.6,34.3,76,26.9,33.4,66,30.8,35.3,45,32.9,39.0,38,28.5,33.8,46,31.5,35.9,74,26.6,29.7,90,35.6,41.1,26,32.4,38.3,58,31.1,35.8,72
2019-05-25,29.5,32.0,76,34.4,40.8,41,34.1,40.0,31,31.1,35.5,75,26.2,32.4,72,31.1,36.5,39,32.4,38.2,34,28.8,34.5,44,30.8,35.2,78,26.5,29.2,89,34.8,39.8,28,33.0,40.3,57,31.6,37.6,73
2019-05-26,29.4,31.9,73,35.0,41.7,38,33.8,40.6,29,31.5,35.6,73,26.9,32.8,71,31.6,38.2,34,33.3,40.6,28,30.1,36.7,37,31.5,36.6,76,27.5,29.8,86,35.1,40.4,25,32.8,40.2,49,32.2,38.3,73
2019-05-27,29.8,32.4,74,34.3,41.4,37,34.7,42.7,27,31.2,35.1,75,26.6,32.7,70,33.7,40.7,27,34.4,40.7,21,31.7,38.4,24,31.6,36.2,75,27.8,30.1,86,36.3,42.2,22,33.6,40.9,41,31.5,36.4,75
2019-05-28,29.6,32.1,76,35.2,42.3,35,35.3,43.0,21,31.4,35.9,76,26.8,31.6,70,33.5,40.7,20,35.1,41.7,17,32.5,39.4,20,31.6,36.8,75,28.5,31.3,84,36.4,42.0,21,33.4,39.9,55,31.6,36.9,75
2019-05-29,29.4,31.9,77,34.8,42.2,39,34.3,42.3,24,31.6,35.7,73,27.0,33.3,68,34.7,41.9,20,35.7,42.8,17,33.5,40.6,21,31.8,37.4,74,27.7,32.1,88,36.6,42.4,19,33.3,39.8,55,31.5,37.5,71
2019-05-30,29.6,32.2,76,34.4,42.5,43,35.3,44.2,30,31.2,35.8,77,26.0,31.9,78,35.6,43.4,21,36.7,43.1,19,35.3,42.1,17,31.3,35.2,73,28.1,31.3,85,36.8,41.9,20,33.6,39.6,55,31.2,35.9,74
2019-05-31,29.7,31.8,73,34.1,42.7,47,34.6,41.5,45,30.7,34.2,73,25.1,30.9,81,36.8,44.1,20,36.4,41.7,21,34.9,42.7,20,31.1,35.1,72,27.7,30.4,86,36.5,41.8,24,31.0,35.2,62,31.0,35.3,74
2019-06-01,30.2,32.2,72,34.3,42.4,50,34.8,41.2,46,31.9,37.7,66,25.8,31.0,76,35.6,43.6,29,37.3,43.1,21,33.7,40.8,29,31.0,34.7,74,27.6,30.5,84,36.5,42.4,24,31.9,37.8,60,31.2,36.4,74
2019-06-02,30.2,32.3,72,34.8,43.7,49,35.0,41.5,46,32.2,37.6,68,25.2,30.1,82,35.5,42.8,40,38.1,44.3,19,33.8,39.6,34,29.3,32.7,82,27.6,30.3,85,36.7,42.5,32,31.6,37.6,61,31.2,35.5,75
2019-06-03,30.2,32.2,72,34.3,43.1,50,33.7,38.9,46,31.7,36.1,66,24.6,31.2,83,34.6,41.4,46,38.1,45.0,17,33.5,39.2,39,29.1,32.0,82,27.1,29.4,86,37.3,43.2,27,30.7,35.8,58,30.9,35.0,74
2019-06-04,30.1,32.1,71,34.2,42.3,49,34.3,40.1,45,31.3,35.2,75,25.5,30.5,75,34.8,41.7,42,37.5,44.0,24,32.6,38.9,42,29.1,30.6,84,26.6,29.0,89,37.2,43.2,26,32.7,37.4,54,31.1,35.8,73
2019-06-05,30.1,32.3,71,34.7,42.5,46,35.7,41.2,42,30.6,34.7,74,24.6,29.8,83,35.5,41.5,39,37.3,42.8,24,34.7,42.1,28,29.1,31.2,87,26.5,30.4,89,37.7,43.5,25,32.6,37.1,58,31.4,36.0,73
2019-06-06,30.4,32.7,72,34.6,42.6,50,36.0,41.3,44,30.7,34.6,73,25.6,31.1,78,35.6,42.8,37,37.4,43.8,20,34.7,39.4,23,28.1,32.1,88,26.9,29.4,88,37.9,43.3,24,32.7,37.1,58,30.7,35.5,78
2019-06-07,30.3,32.4,74,35.5,43.3,48,34.3,40.1,48,30.9,34.8,76,25.2,30.7,80,34.1,41.4,42,35.9,42.4,24,32.0,38.6,32,27.5,29.9,88,27.1,29.6,88,38.0,44.0,25,33.4,37.8,56,29.5,33.3,85
2019-06-08,30.6,33.1,77,35.8,43.7,43,34.6,41.0,44,31.7,36.0,69,25.2,30.0,82,35.5,41.7,33,36.7,43.2,24,33.1,40.3,27,28.5,31.4,84,27.1,30.0,87,37.5,43.4,25,34.2,38.0,53,30.8,36.1,79
2019-06-09,30.5,32.6,77,35.4,43.0,46,35.7,42.9,38,32.8,38.5,63,25.4,31.3,76,36.9,43.5,24,37.8,44.9,16,34.4,41.4,24,29.4,33.0,84,26.3,29.1,91,37.5,43.1,22,35.7,41.8,48,31.4,36.4,77
2019-06-10,30.1,31.6,79,34.4,42.1,47,35.7,43.5,43,33.2,38.4,54,24.2,29.2,78,37.2,44.0,23,38.6,45.2,14,35.1,41.5,25,30.6,34.7,81,26.5,29.2,90,37.2,43.4,26,35.1,41.5,54,32.3,38.5,74
2019-06-11,29.9,32.7,77,35.4,41.8,45,35.6,41.9,51,32.0,35.9,59,24.4,29.4,75,37.4,43.7,23,37.7,43.5,22,35.0,41.6,25,30.4,34.4,81,27.0,29.2,89,37.3,42.7,25,33.0,38.7,60,32.6,38.9,67
2019-06-12,28.1,30.1,84,33.2,38.7,58,35.1,41.4,51,32.9,37.2,57,24.1,27.3,80,34.6,39.7,44,36.3,41.7,27,34.5,38.5,30,30.7,34.2,83,26.7,28.6,91,36.2,42.5,32,34.2,40.7,58,33.5,39.5,68
2019-06-13,27.4,28.9,88,31.2,36.1,63,34.9,40.6,48,33.0,38.3,55,24.0,28.1,79,35.4,41.1,38,31.1,34.2,51,34.1,38.8,33,30.9,34.6,81,27.1,29.9,89,33.3,37.6,48,34.9,39.7,56,31.0,36.3,72
2019-06-14,27.2,28.9,88,30.8,35.3,68,36.1,41.4,36,32.9,38.0,55,24.3,28.2,78,36.0,42.1,29,34.6,39.6,36,34.2,40.8,26,31.8,36.0,79,26.7,29.0,90,31.9,39.8,58,36.4,40.8,46,33.6,39.5,60
2019-06-15,27.5,28.7,88,29.9,34.5,73,37.1,43.8,26,32.5,38.2,59,25.0,30.3,72,36.5,42.4,22,33.9,38.2,41,35.1,41.4,19,31.2,35.5,81,26.8,28.8,90,30.8,37.5,62,37.0,44.0,42,33.3,39.8,66
2019-06-16,27.7,29.5,87,30.7,35.8,70,36.3,40.6,34,32.8,39.5,58,25.2,30.5,71,33.8,38.8,43,30.4,33.9,58,32.4,37.5,37,31.5,35.8,78,27.5,30.8,85,32.7,37.6,49,36.2,43.0,49,31.4,36.4,72
2019-06-17,27.6,28.8,87,30.8,35.9,68,34.6,39.5,47,32.9,39.8,54,25.2,30.1,68,33.5,38.8,47,31.6,36.5,51,31.7,37.3,44,32.1,36.6,76,27.2,29.9,87,32.4,37.4,48,36.1,40.4,41,31.7,36.4,70
2019-06-18,27.3,28.7,90,28.7,33.3,82,33.0,38.1,51,31.7,36.0,67,25.1,29.8,68,30.5,36.1,55,28.2,30.7,67,29.5,34.6,49,31.7,35.8,79,26.9,29.2,88,32.5,37.2,45,36.1,40.6,42,32.3,37.3,68
2019-06-19,27.7,29.2,88,30.8,36.5,66,27.5,30.6,76,32.5,38.6,57,25.1,30.8,70,31.0,36.6,53,27.2,32.0,72,31.2,37.6,44,31.6,35.8,79,26.4,28.3,89,29.1,32.0,64,34.8,39.1,52,32.2,36.6,69
2019-06-20,28.4,30.0,85,31.2,36.4,62,28.2,32.2,72,32.2,38.6,61,24.2,28.2,76,31.8,37.7,48,29.3,35.2,67,31.1,37.1,49,30.4,33.9,82,26.0,28.4,90,30.6,36.4,57,33.4,36.1,62,29.4,31.8,84
2019-06-21,28.3,29.5,86,32.2,37.2,60,31.5,36.3,63,30.9,35.3,69,23.9,29.1,75,33.3,38.9,47,31.3,36.5,59,31.3,37.2,46,28.5,30.8,87,26.0,28.4,90,31.4,36.9,57,31.6,35.0,73,27.5,30.5,89
2019-06-22,28.7,30.1,82,32.6,38.1,60,31.0,36.3,68,31.5,37.3,66,23.6,28.5,80,34.7,40.3,38,33.2,38.8,43,32.9,39.2,38,28.8,31.0,83,25.6,26.8,92,32.0,36.6,56,29.2,32.7,83,28.1,30.8,86
2019-06-23,28.4,29.7,85,33.8,39.7,57,28.1,30.8,82,30.2,35.7,76,24.1,29.4,78,34.0,38.8,49,33.1,38.6,49,33.4,39.1,47,29.2,31.7,83,26.1,27.9,91,32.1,37.2,54,31.5,35.7,69,28.6,32.0,85
2019-06-24,27.9,28.6,85,32.6,37.0,63,30.8,34.5,76,29.7,32.4,78,24.7,29.9,74,31.5,37.0,60,31.3,36.6,59,29.8,35.4,65,30.1,33.2,79,26.2,28.2,90,31.2,36.7,60,32.4,35.5,69,29.6,33.3,82
2019-06-25,28.1,29.6,85,30.6,33.3,72,31.9,36.2,72,29.5,32.3,80,25.0,30.2,72,32.1,36.2,62,31.4,38.0,62,30.8,35.3,59,30.7,34.4,77,26.2,27.8,91,30.9,37.2,64,33.8,37.1,63,29.7,33.3,80
2019-06-26,27.8,29.4,87,29.6,33.8,81,32.6,36.9,70,28.2,31.9,85,24.2,27.4,74,34.8,39.7,48,34.6,40.0,43,32.9,39.1,43,30.7,34.1,76,27.1,29.4,86,30.8,37.5,66,33.4,37.8,66,30.1,33.8,78
2019-06-27,27.3,28.6,89,30.7,35.4,73,33.6,39.2,61,29.6,34.7,77,24.1,29.8,76,34.6,40.3,40,35.4,41.0,36,33.4,38.7,38,30.3,33.1,79,27.2,29.5,86,29.5,34.0,72,31.8,36.9,73,30.6,34.8,78
2019-06-28,27.0,28.7,90,29.9,34.4,77,34.0,39.7,51,30.2,35.2,68,24.7,30.7,68,35.5,42.1,38,35.2,40.8,41,33.7,38.9,40,30.4,33.9,83,27.4,29.7,82,28.6,32.2,78,34.1,38.9,60,30.6,33.9,79
2019-06-29,26.7,28.0,91,30.2,35.6,73,34.4,40.5,49,31.8,37.1,60,24.5,29.5,70,36.3,41.6,36,34.2,38.9,44,34.5,40.4,39,29.9,33.6,85,27.5,29.8,81,28.7,34.6,77,33.8,38.0,59,30.3,33.2,82
2019-06-30,26.6,27.3,90,30.5,34.4,71,33.4,38.0,63,31.6,36.2,60,24.4,30.3,71,36.8,42.9,35,34.5,41.8,46,33.2,38.3,44,29.7,33.3,84,27.1,29.3,84,26.9,31.5,84,32.8,37.1,66,28.1,30.6,89
2019-07-01,26.4,27.3,91,30.5,33.9,71,32.6,36.1,64,30.9,36.8,68,25.0,29.9,69,36.0,41.5,42,33.5,40.7,50,33.6,38.3,49,28.7,31.4,85,27.0,29.6,87,28.4,33.1,77,32.0,35.9,74,26.5,27.9,94
2019-07-02,26.7,28.0,90,31.4,36.2,67,31.3,34.6,74,31.1,35.6,66,25.1,30.9,69,35.7,40.2,46,35.1,39.9,41,34.0,39.9,44,28.1,30.2,88,26.1,27.4,89,28.0,33.0,80,31.2,35.4,71,27.3,30.0,90
2019-07-03,26.6,27.6,91,30.1,34.4,74,31.7,35.2,66,31.1,35.9,66,24.7,29.7,70,33.7,36.7,56,32.2,35.6,59,33.4,37.0,55,28.6,31.4,85,26.8,29.0,88,25.0,27.0,92,31.0,35.2,71,28.7,31.9,85
2019-07-04,27.1,27.9,90,28.7,31.7,81,32.6,36.5,64,31.6,36.3,62,24.9,30.3,71,33.0,39.1,60,30.8,37.6,69,31.3,35.4,65,29.3,32.6,84,26.2,28.6,90,25.2,28.4,91,31.1,35.3,75,28.5,30.6,85
2019-07-05,26.7,27.9,91,27.3,28.5,90,31.7,35.2,72,31.2,35.1,63,24.4,28.9,72,31.0,34.9,72,28.6,31.2,79,30.7,34.9,67,28.4,32.0,87,26.5,28.4,89,23.9,24.6,94,31.3,34.8,74,27.4,28.9,91
2019-07-06,26.4,27.3,91,28.0,31.2,84,29.8,33.9,82,31.3,35.3,61,24.5,29.5,70,31.0,34.9,69,28.4,33.6,82,30.4,34.1,70,27.7,30.3,90,27.5,29.6,85,24.2,26.2,94,30.7,35.3,75,26.7,28.7,92
2019-07-07,26.8,27.7,90,29.4,33.2,75,29.1,32.5,85,31.7,37.1,58,24.7,30.0,68,31.1,35.8,69,29.2,33.7,80,30.9,35.2,66,28.4,30.0,84,27.3,28.7,88,24.4,26.0,93,27.8,29.9,89,28.5,31.4,82
2019-07-08,26.9,28.0,90,30.2,33.7,72,28.6,31.6,86,31.6,37.7,57,24.4,29.8,68,31.9,36.4,68,30.0,35.0,73,30.7,34.7,71,29.4,31.1,82,26.5,28.8,91,24.9,26.1,93,27.5,30.1,91,29.2,31.9,80
2019-07-09,26.8,27.9,90,31.1,36.7,66,27.3,29.5,92,31.5,36.8,56,24.2,29.4,72,30.7,35.0,72,30.1,34.6,69,28.4,32.1,81,29.5,32.4,82,25.8,28.0,91,26.9,30.3,82,27.5,31.3,91,29.3,32.3,81
2019-07-10,26.6,27.5,90,31.3,37.7,64,27.4,29.4,90,29.8,34.9,71,22.2,26.0,85,31.0,34.9,74,31.4,35.0,57,27.8,31.1,84,29.2,30.8,85,25.7,28.3,90,27.5,30.6,77,27.4,29.9,90,28.9,31.6,85
2019-07-11,26.6,27.3,90,31.9,37.3,59,27.6,30.9,90,30.0,34.3,62,23.6,29.5,75,33.4,38.4,57,31.6,35.3,54,29.0,33.0,79,29.5,32.0,83,26.8,29.6,85,27.7,31.0,74,27.0,28.2,92,29.0,31.1,83
2019-07-12,26.6,27.6,90,31.5,37.7,62,29.8,33.8,77,29.4,33.7,73,23.6,29.3,78,33.4,38.2,51,31.1,35.5,54,27.9,31.2,85,29.2,31.7,85,26.8,29.7,88,27.4,30.6,76,28.5,31.6,86,28.9,31.7,83
2019-07-13,26.7,27.8,91,31.8,37.9,60,31.2,35.1,67,29.6,33.2,74,24.3,29.4,75,34.1,38.5,47,31.3,35.7,54,27.8,31.3,81,29.5,32.0,83,26.3,29.1,88,27.6,31.1,73,29.5,32.9,79,29.1,32.2,83
2019-07-14,27.1,28.3,89,32.4,37.3,54,31.3,34.8,65,29.5,33.5,74,23.9,28.9,76,32.9,36.8,52,31.3,35.7,51,26.0,29.0,85,30.6,34.6,78,25.6,28.1,90,27.4,30.6,69,29.7,33.5,80,29.5,33.0,80
2019-07-15,27.3,29.1,88,32.7,37.6,53,30.2,34.3,71,29.5,33.9,74,23.9,28.4,78,29.7,36.8,72,31.5,36.2,52,26.3,29.0,85,30.5,34.6,80,25.7,27.8,89,28.1,31.5,66,31.2,35.3,72,29.8,32.5,80
2019-07-16,26.8,27.8,89,32.0,37.9,57,28.5,32.6,84,29.6,34.0,77,23.9,29.0,76,26.6,29.1,89,30.7,34.0,56,24.6,27.6,92,30.5,34.7,81,26.0,28.8,87,28.1,31.6,65,30.3,34.3,79,30.0,33.5,77
2019-07-17,26.9,28.3,88,32.4,38.4,56,29.5,33.5,81,29.9,33.0,75,24.0,28.4,77,27.2,30.8,85,31.1,35.6,56,25.4,28.6,88,30.4,34.1,82,25.7,28.2,88,28.1,31.8,72,30.9,33.9,78,29.3,34.8,85
2019-07-18,27.1,28.3,88,32.3,37.7,58,30.3,34.1,79,29.6,34.3,76,23.7,29.4,80,27.5,32.2,82,29.3,35.0,68,26.6,29.3,85,30.2,33.6,82,25.1,27.0,91,28.8,32.6,69,31.5,34.8,79,29.3,33.7,84
2019-07-19,27.5,29.0,87,32.6,37.1,58,30.6,33.8,79,28.5,32.1,82,22.4,24.6,86,29.4,33.3,79,29.2,33.3,73,27.6,30.5,83,29.8,33.1,81,24.7,26.1,93,28.5,31.9,76,30.6,33.2,82,28.3,31.1,85
2019-07-20,27.5,28.6,88,33.1,38.7,57,30.9,34.4,80,29.4,32.2,72,22.8,27.4,82,30.0,33.9,80,30.5,34.4,70,28.4,31.7,81,29.7,33.1,80,25.1,27.2,91,28.5,32.1,81,31.1,34.0,79,28.6,31.2,84
2019-07-21,27.3,29.2,88,32.3,39.0,66,30.3,34.8,83,29.8,33.9,75,22.6,26.7,85,29.7,33.1,81,30.8,35.0,70,28.6,31.5,80,30.1,33.1,78,24.9,26.6,94,28.5,32.5,81,31.9,34.8,75,29.0,32.3,82
2019-07-22,27.8,29.5,86,30.6,35.8,77,30.3,35.1,83,27.0,27.9,90,21.7,25.9,89,30.4,34.2,80,30.6,35.3,73,29.4,32.9,78,30.2,33.5,78,25.3,27.6,89,29.0,32.6,75,31.3,34.9,81,29.3,32.6,81
2019-07-23,27.4,28.8,88,31.6,36.5,72,31.4,35.7,80,27.2,30.8,82,21.3,24.2,88,31.6,35.5,77,31.7,35.4,68,30.1,33.9,77,30.4,33.7,75,25.6,28.7,84,29.9,33.3,69,29.5,34.3,84,29.3,32.7,79
2019-07-24,26.8,27.5,90,31.9,36.6,70,28.7,32.4,88,29.0,33.2,79,22.8,28.0,84,31.5,36.7,74,31.7,36.0,65,30.5,34.3,76,30.2,34.0,79,25.9,28.6,86,30.3,33.8,70,28.4,30.8,91,29.7,33.4,80
2019-07-25,26.9,27.6,90,31.1,35.3,67,27.5,30.2,88,28.7,32.4,82,22.6,27.1,86,27.6,29.9,86,25.9,27.8,93,26.5,29.4,85,28.5,31.9,89,25.7,27.3,90,26.9,30.0,85,27.7,30.0,91,28.0,29.2,92
2019-07-26,26.6,27.6,90,30.2,34.9,69,27.5,31.8,88,28.5,31.7,79,21.8,25.3,88,27.2,29.9,87,25.4,26.7,94,26.8,30.0,88,27.4,29.9,93,25.7,27.9,88,24.8,27.0,91,28.1,31.3,89,27.3,30.8,91
2019-07-27,26.3,27.3,90,29.5,33.1,72,27.7,30.6,88,28.8,31.4,73,22.8,27.3,81,26.6,30.1,90,25.9,28.8,91,26.7,29.2,88,27.5,31.0,90,25.8,27.9,90,24.5,26.4,91,28.0,30.8,86,26.4,27.7,93
2019-07-28,26.8,27.5,87,28.8,33.0,75,28.5,31.7,83,28.9,33.0,72,22.6,26.9,79,28.1,31.8,86,26.7,30.9,88,28.5,31.2,80,27.7,30.2,88,26.4,29.4,86,24.3,25.7,94,29.2,32.1,78,26.8,29.3,92
2019-07-29,26.2,26.6,90,27.5,30.5,84,29.7,32.7,74,29.1,33.1,75,22.5,27.0,78,29.2,33.0,79,27.7,31.4,85,29.2,31.8,78,27.7,30.4,87,25.9,28.3,88,25.4,28.9,90,29.4,32.1,75,27.4,30.4,84
2019-07-30,26.2,26.9,89,26.6,29.1,88,29.4,32.0,75,29.2,33.5,74,23.0,27.7,74,28.9,32.1,78,28.5,31.9,79,28.3,30.1,80,28.8,32.0,82,26.1,28.7,88,25.2,28.0,91,28.7,31.4,80,28.7,31.3,79
2019-07-31,26.3,26.8,89,26.3,28.1,92,29.0,32.0,79,29.6,34.1,72,23.3,28.0,75,29.0,31.8,78,28.1,31.8,83,27.1,30.4,82,29.0,31.7,81,26.2,29.1,88,24.7,26.7,91,29.9,33.2,74,28.5,31.5,82
2019-08-01,26.8,27.8,86,25.9,26.6,94,29.2,31.9,83,29.7,34.0,70,23.2,28.2,74,29.3,32.2,82,27.8,31.0,86,28.1,30.4,80,28.5,31.8,84,26.1,28.4,90,25.0,27.7,91,29.6,32.3,80,27.6,29.3,86
2019-08-02,26.5,28.2,89,27.0,29.9,90,29.1,32.2,85,29.3,32.6,72,22.9,26.7,72,28.7,31.5,85,27.3,31.4,88,27.7,30.1,84,28.3,31.6,87,26.6,28.8,88,25.4,28.6,91,29.6,32.4,82,27.7,31.0,87
2019-08-03,26.0,26.2,91,27.5,31.5,89,29.1,32.5,86,29.9,34.3,68,23.7,28.3,71,28.3,30.8,88,27.3,30.4,89,27.7,30.4,85,28.5,31.8,88,26.2,28.1,90,25.5,28.5,91,30.5,33.6,78,27.2,29.5,88
2019-08-04,26.3,26.6,89,27.6,31.2,87,30.1,34.1,84,30.0,35.3,67,23.8,28.5,73,28.9,32.6,87,28.2,32.1,85,29.0,32.4,80,28.8,32.4,86,26.0,27.9,91,26.0,29.7,88,30.8,33.7,80,27.9,31.3,84
2019-08-05,26.1,26.6,91,27.8,31.4,85,28.9,32.2,88,28.8,31.7,69,21.9,25.1,86,29.2,32.9,86,28.5,32.1,85,28.9,31.7,84,29.7,33.9,84,25.7,27.5,92,26.1,29.4,89,30.4,33.3,83,28.0,31.0,85
2019-08-06,26.4,27.2,90,28.7,31.6,79,29.3,32.5,88,30.1,35.3,59,21.7,25.0,87,27.9,31.0,89,26.8,30.1,91,27.5,31.0,87,29.0,32.8,87,26.4,28.5,90,25.5,29.3,92,30.8,35.4,82,27.4,31.0,92
2019-08-07,26.8,28.1,88,28.6,31.9,80,28.8,32.1,87,30.1,35.6,63,23.0,27.7,81,28.2,30.9,88,27.2,31.0,87,28.4,31.6,82,27.6,30.1,89,25.5,28.0,92,24.4,26.4,94,29.7,32.4,80,27.1,30.4,90
2019-08-08,26.9,27.7,87,27.2,28.7,88,29.7,32.9,75,30.2,33.7,62,22.8,27.1,82,30.1,33.8,78,28.1,31.9,82,29.4,32.6,79,27.6,29.4,89,25.0,26.0,93,25.1,28.4,92,27.9,29.0,82,27.8,30.7,84
2019-08-09,27.0,27.9,86,26.3,27.1,93,28.4,31.5,80,30.7,34.6,62,22.3,27.0,85,29.3,31.4,75,27.5,30.6,81,28.2,31.2,81,29.2,33.0,82,25.0,27.2,93,24.6,26.2,91,27.9,30.8,87,29.0,33.1,80
2019-08-10,27.1,28.2,84,26.0,26.9,90,29.3,32.6,82,30.8,34.8,59,21.5,24.0,89,28.8,32.2,80,27.3,30.9,82,28.6,31.4,81,29.4,32.6,86,24.5,26.9,94,26.0,29.7,83,30.1,32.5,83,28.9,32.7,84
2019-08-11,26.7,28.2,86,27.1,31.0,86,29.2,32.4,84,30.0,35.5,66,22.9,26.8,77,29.5,32.8,79,27.1,29.7,80,29.0,32.2,82,29.5,33.0,86,25.0,27.5,90,25.9,29.0,83,29.1,31.6,89,29.1,32.5,85
2019-08-12,26.8,28.1,87,27.6,31.8,84,30.1,33.4,80,30.4,35.4,61,22.6,27.8,81,29.3,32.2,80,27.9,30.9,81,28.2,31.1,88,27.9,30.4,90,24.6,26.9,92,25.9,28.7,83,30.1,33.3,85,27.2,30.4,92
2019-08-13,26.8,28.2,89,28.3,32.1,80,28.9,30.8,87,29.7,34.7,70,22.9,27.8,85,29.1,33.2,84,27.9,31.4,80,28.3,31.6,87,27.6,30.5,89,24.3,25.5,95,25.3,27.8,89,28.9,32.4,84,26.8,28.4,92
2019-08-14,26.7,27.7,90,27.9,31.0,84,28.7,32.0,85,29.2,34.6,77,22.0,25.4,89,28.3,31.6,88,27.1,29.9,88,28.1,30.6,85,28.3,31.8,85,25.2,26.8,90,24.4,25.4,94,28.2,31.2,85,28.7,32.0,83
2019-08-15,26.5,27.3,89,26.6,28.5,91,28.4,31.3,84,29.0,33.4,78,22.6,27.4,84,29.0,31.9,82,26.3,29.0,89,27.6,29.4,87,28.0,29.7,90,25.7,27.6,89,23.8,24.4,93,28.6,31.7,86,29.1,32.4,84
2019-08-16,26.8,28.4,87,26.2,28.0,92,28.7,32.3,81,29.4,33.4,77,22.1,26.6,87,27.9,30.9,84,26.2,29.2,88,28.0,30.8,82,28.3,31.5,90,25.6,27.9,89,25.5,29.1,85,29.5,32.1,85,28.8,32.7,87
2019-08-17,27.0,28.2,86,27.1,30.1,84,28.7,31.6,84,27.9,32.8,80,21.5,24.1,92,26.1,27.7,90,25.0,26.8,93,26.5,28.6,86,27.0,29.1,94,25.7,28.0,90,25.8,29.5,83,29.5,32.4,86,28.4,30.6,90
2019-08-18,26.9,28.5,86,27.4,30.1,83,29.0,32.5,83,27.5,31.4,84,22.2,26.5,88,26.8,30.7,87,26.8,30.2,87,25.1,26.9,90,27.3,30.5,87,25.9,27.8,88,24.7,27.0,89,28.3,30.2,89,27.2,28.7,92
2019-08-19,26.9,28.0,87,28.0,31.2,80,28.0,30.9,89,27.7,31.8,85,23.0,28.1,86,28.0,31.7,84,27.1,30.3,85,25.8,28.9,87,28.6,31.5,84,26.0,28.2,89,25.4,28.2,88,28.6,31.4,84,28.7,32.4,86
2019-08-20,27.1,28.3,87,27.9,30.9,85,28.2,31.2,89,28.2,32.8,83,22.6,27.6,87,28.5,32.7,82,28.3,31.9,79,27.9,32.0,79,28.9,32.3,85,25.9,28.2,89,25.8,28.8,88,28.7,31.4,86,28.7,31.5,89
2019-08-21,26.6,27.4,89,27.6,31.3,84,27.1,29.3,92,28.7,32.5,78,22.4,26.9,86,29.3,33.9,78,28.5,32.4,77,28.1,32.2,78,29.2,32.5,86,25.3,27.5,90,26.2,30.0,85,29.5,31.9,86,28.2,30.3,90
2019-08-22,26.3,27.3,89,27.8,31.7,78,27.2,31.7,89,28.1,31.5,76,21.7,25.3,87,28.6,32.1,84,28.2,32.6,75,27.5,31.6,83,28.9,32.6,87,24.7,26.3,92,26.0,29.0,85,30.3,33.3,83,28.2,31.6,89
2019-08-23,26.3,27.7,89,27.6,31.3,81,28.7,32.6,86,28.6,32.6,75,22.1,26.5,85,29.2,32.9,82,28.3,32.1,74,28.3,32.1,82,28.5,31.9,87,24.5,27.0,92,25.6,28.6,86,29.0,31.4,87,27.3,29.9,93
2019-08-24,26.2,27.5,89,28.2,31.5,78,27.3,30.2,91,28.5,33.1,75,21.8,25.8,86,29.1,33.6,83,28.8,33.2,72,27.7,29.9,87,27.1,28.7,91,24.8,27.0,92,24.0,25.1,95,27.7,30.0,89,26.8,30.2,92
2019-08-25,26.3,27.4,88,27.9,31.5,78,27.7,30.2,88,29.0,33.1,75,22.4,26.2,82,27.5,30.4,88,27.1,29.4,85,25.9,27.9,92,27.4,30.1,89,24.4,26.0,94,23.9,26.1,94,28.1,31.8,85,26.8,28.6,91
2019-08-26,26.5,28.0,86,26.9,28.9,87,29.1,32.8,81,29.2,32.5,73,22.7,27.1,82,28.8,32.3,83,26.6,29.5,88,28.4,32.5,78,27.4,30.8,88,24.7,26.5,92,24.4,27.8,92,29.8,33.1,78,26.7,29.1,89
2019-08-27,26.2,27.2,89,26.4,29.1,89,29.8,33.5,80,29.2,32.9,73,22.5,25.9,82,29.8,33.4,80,27.3,31.3,85,29.1,33.2,78,28.4,31.9,85,25.4,28.2,89,25.0,28.8,91,30.0,33.1,77,27.9,30.6,86
2019-08-28,26.5,27.5,89,26.7,29.4,91,30.4,33.7,77,29.0,32.6,73,23.1,27.0,80,30.4,34.0,78,27.7,31.1,85,29.5,33.3,77,28.2,31.7,88,25.3,27.3,90,25.0,29.1,90,30.6,34.0,76,27.3,29.4,89
2019-08-29,26.8,28.0,88,27.3,30.3,88,29.6,32.3,83,29.5,33.8,76,23.1,28.3,82,30.1,33.6,80,27.3,31.2,88,28.9,31.5,82,28.5,32.0,86,25.3,27.5,91,25.7,29.6,89,30.0,32.7,82,27.6,31.9,88
2019-08-30,26.8,27.8,89,28.2,31.4,85,30.0,33.1,83,29.3,35.0,72,22.9,27.2,80,30.1,33.5,81,27.4,30.6,88,28.4,31.7,85,29.1,32.9,84,25.7,28.5,88,26.0,29.3,87,30.6,33.6,80,27.9,31.6,90
2019-08-31,26.6,27.5,90,28.1,31.2,86,29.7,32.6,84,28.8,32.8,74,22.5,26.5,82,30.5,33.0,78,28.3,32.1,86,28.8,32.6,83,29.2,32.4,82,25.4,27.4,91,25.7,30.2,89,30.0,33.0,82,27.6,31.7,90
2019-09-01,26.9,27.7,88,27.9,31.8,86,28.7,31.5,88,28.1,31.0,81,21.6,24.2,88,28.6,31.6,86,27.8,31.8,88,27.1,29.9,88,28.5,32.2,87,25.1,27.2,91,26.4,30.3,87,30.7,33.8,80,27.7,31.5,90
2019-09-02,26.8,27.7,90,26.9,29.3,88,30.3,33.8,80,28.2,31.2,78,22.3,28.3,86,29.5,33.2,83,27.6,31.2,89,28.3,32.1,83,28.1,31.5,88,25.2,27.6,91,25.9,29.0,88,31.1,34.2,80,27.5,32.3,89
2019-09-03,26.2,27.2,91,27.5,30.2,89,29.9,33.0,82,28.6,31.9,74,22.0,25.3,86,30.2,33.5,80,28.1,31.7,88,28.8,32.4,82,28.3,31.7,88,25.4,27.3,91,25.8,29.3,91,29.1,30.6,87,27.0,30.5,91
2019-09-04,26.1,26.6,92,27.0,31.1,91,29.1,31.4,86,28.3,31.0,80,22.5,27.3,83,29.0,32.2,85,28.0,31.6,87,27.9,31.3,85,28.2,31.1,88,25.4,27.7,91,25.8,29.1,92,29.7,32.2,79,27.1,30.4,90
2019-09-05,26.4,27.5,90,27.6,31.7,91,29.4,31.6,83,29.3,33.7,71,22.6,26.8,82,29.4,32.6,82,27.8,31.5,87,27.5,30.6,84,28.3,31.0,87,25.6,27.5,90,26.1,30.3,91,29.5,32.7,79,27.0,30.6,91
2019-09-06,26.4,27.1,92,28.1,31.6,89,29.5,32.6,83,29.8,35.2,68,23.3,26.9,76,29.7,32.9,81,28.3,31.8,85,28.3,31.8,81,28.4,31.0,85,25.9,27.9,90,26.0,29.9,90,30.0,33.0,78,26.9,28.8,92
2019-09-07,26.6,27.4,90,28.1,31.7,88,28.9,32.3,85,29.8,35.6,70,23.1,27.4,77,28.8,32.0,85,26.8,30.0,91,27.9,30.9,84,28.3,31.2,87,26.1,28.0,90,26.2,30.2,89,29.9,32.7,77,27.2,29.2,89
2019-09-08,26.5,27.3,91,28.2,31.9,88,29.1,32.3,83,30.1,35.4,65,23.0,26.8,78,29.1,33.2,83,27.1,30.4,88,27.8,31.0,84,28.4,31.3,88,26.6,29.3,87,25.1,27.6,93,28.9,31.7,84,28.4,30.7,86
2019-09-09,26.8,28.0,90,27.4,29.7,91,29.2,32.2,83,29.4,34.7,72,23.3,27.7,78,30.1,34.2,78,28.7,33.2,81,28.2,31.7,82,28.3,31.0,88,26.6,29.7,86,24.4,26.5,94,29.0,32.0,85,28.8,31.2,85
2019-09-10,26.6,27.6,91,26.7,29.0,94,29.2,32.0,87,28.6,32.4,82,23.2,28.1,81,30.6,35.2,74,29.7,34.5,74,28.5,31.5,82,28.8,32.3,88,26.5,29.3,86,25.0,28.9,92,29.5,31.9,86,28.4,30.4,88
2019-09-11,26.7,27.5,90,26.4,28.5,92,29.2,32.3,86,28.3,31.8,81,23.0,28.2,82,31.2,35.7,73,29.1,33.4,82,28.6,31.6,83,27.1,29.5,92,25.9,28.4,89,25.3,27.7,92,28.9,32.2,88,27.5,28.7,92
2019-09-12,26.2,26.7,90,27.2,30.3,88,27.6,30.1,90,28.2,32.7,82,23.0,28.0,84,30.2,33.8,79,29.3,34.2,80,27.9,30.2,86,26.6,27.9,93,25.5,27.9,90,24.4,26.0,95,28.1,31.3,88,27.5,29.6,89
2019-09-13,25.9,27.0,92,26.5,28.0,92,27.1,29.7,89,28.1,31.7,83,23.2,27.8,80,29.8,33.6,77,28.2,31.8,86,28.3,31.5,81,27.7,30.5,89,25.6,27.8,90,23.9,25.5,95,27.5,30.4,90,28.1,31.0,85
2019-09-14,26.4,27.4,90,26.8,28.9,93,27.1,31.3,91,28.2,31.8,83,23.4,28.0,78,28.7,32.2,79,28.0,31.5,85,27.3,30.4,83,28.1,31.0,87,26.0,28.0,90,24.6,26.8,91,28.3,31.5,89,28.5,31.8,86
2019-09-15,26.3,27.1,90,27.3,29.9,88,27.5,29.9,90,28.2,31.7,83,23.2,27.9,81,28.1,31.6,83,26.6,30.1,90,27.5,30.6,81,28.9,32.4,87,25.8,27.9,90,25.1,29.0,91,28.8,30.6,90,28.2,30.5,89
2019-09-16,26.5,27.5,90,27.8,31.1,82,27.6,30.8,90,28.2,32.1,82,22.7,26.9,83,29.3,33.3,81,28.8,34.2,77,27.2,30.5,82,28.7,31.6,87,25.3,27.1,91,24.9,27.8,91,29.0,31.5,89,28.1,31.3,89
2019-09-17,27.0,28.2,87,28.2,31.8,81,26.8,30.4,91,26.9,29.0,87,21.3,23.8,91,29.2,32.1,80,28.9,33.8,76,27.2,30.4,78,28.8,32.2,82,25.6,28.0,91,25.3,29.7,92,27.6,30.3,91,28.0,31.5,87
2019-09-18,26.8,28.1,90,28.7,32.4,84,25.0,26.6,94,26.9,30.0,88,23.1,28.1,82,28.5,31.9,80,28.2,32.4,80,26.7,29.0,80,28.1,32.1,86,25.6,27.7,91,25.0,27.6,92,26.9,28.7,89,27.4,30.2,88
2019-09-19,26.2,28.0,91,29.4,33.5,79,25.6,28.8,88,26.5,30.1,88,22.9,27.6,85,26.9,30.3,80,26.8,30.3,81,26.3,29.7,77,28.3,32.1,88,25.5,28.0,92,25.3,28.9,89,27.6,29.9,88,27.2,29.7,90
2019-09-20,26.6,28.0,89,28.1,32.1,85,26.4,29.9,88,27.3,30.5,86,23.2,27.1,78,27.0,30.9,83,26.1,29.6,85,26.5,30.9,78,28.3,32.4,86,26.2,29.0,90,25.3,28.7,89,28.6,32.1,87,27.3,30.3,89
2019-09-21,26.8,28.1,87,27.0,29.6,89,27.1,30.8,88,28.0,31.1,87,24.0,28.8,75,27.8,31.6,80,26.1,29.5,87,26.3,29.7,78,28.5,32.8,85,26.5,29.1,88,25.4,29.2,89,28.3,31.1,89,27.5,30.6,88
2019-09-22,27.1,28.5,86,27.4,31.3,89,26.6,29.4,91,27.8,30.7,90,22.4,25.7,89,27.1,29.9,83,25.9,29.5,88,26.1,30.2,78,28.2,31.7,88,26.2,29.3,90,25.3,29.0,90,27.6,30.5,87,26.9,30.9,91
2019-09-23,27.2,28.6,87,27.3,30.7,90,26.8,29.8,89,27.6,30.2,87,22.5,26.6,89,26.7,31.1,81,25.5,29.5,84,26.1,30.5,77,27.7,30.8,87,25.5,27.4,92,25.2,29.3,90,27.6,30.4,88,26.5,29.9,92
2019-09-24,27.3,28.8,88,27.6,31.4,87,26.3,28.7,89,27.4,30.1,85,22.5,26.1,87,27.0,31.6,80,25.2,28.8,86,26.9,30.8,75,26.6,29.2,90,25.3,27.3,92,25.0,28.5,90,27.2,30.0,86,25.7,28.1,93
2019-09-25,26.6,29.0,90,27.7,31.3,86,26.7,29.4,85,27.0,28.9,85,22.5,27.3,87,27.2,31.1,81,25.4,28.7,88,27.0,30.0,77,25.9,27.2,93,25.6,28.1,90,24.5,27.0,93,25.8,27.7,90,25.4,26.7,93
2019-09-26,26.8,28.5,89,27.6,30.5,88,25.0,26.9,92,27.8,29.5,81,22.1,25.2,86,27.6,30.5,76,25.4,28.3,87,26.4,29.6,78,25.7,28.1,93,25.0,26.9,92,24.3,26.4,91,24.9,26.2,95,25.7,28.2,93
2019-09-27,26.3,27.5,88,25.8,29.0,93,23.6,24.2,97,27.7,30.0,85,22.7,27.2,85,26.6,30.3,78,25.9,29.6,84,25.3,28.4,85,26.3,28.0,90,25.9,28.9,85,24.4,27.1,91,25.0,26.2,95,25.9,28.0,93
2019-09-28,26.6,28.1,87,26.4,29.4,90,24.4,26.8,90,27.5,29.6,84,23.4,27.9,78,25.5,29.3,83,25.9,29.6,82,24.8,28.4,85,26.0,28.1,88,26.2,29.8,86,24.0,27.1,90,24.1,25.6,94,26.0,27.5,93
2019-09-29,27.0,28.6,86,25.6,28.1,92,24.3,27.0,85,27.4,29.2,83,23.4,28.0,77,25.0,27.3,84,25.2,28.3,86,23.8,26.3,83,25.3,28.0,92,25.5,29.1,90,24.7,28.3,87,23.9,25.1,96,26.4,29.1,89
2019-09-30,26.7,28.2,89,24.9,26.2,94,24.4,27.8,85,27.2,29.0,83,23.3,27.9,81,25.3,29.7,83,25.8,29.3,82,23.7,26.3,86,26.4,30.5,89,24.8,27.7,91,25.2,29.4,84,24.4,27.1,91,27.1,30.8,86
2019-10-01,27.0,28.3,88,26.5,30.5,88,25.6,29.4,84,27.8,30.2,82,22.7,27.6,85,25.1,28.7,85,25.7,29.5,81,23.7,26.8,85,27.0,30.2,87,25.8,28.7,89,24.8,28.0,85,25.9,28.9,86,27.3,31.2,87
2019-10-02,27.3,28.6,85,26.7,30.9,87,25.1,27.3,92,27.9,30.9,84,23.6,28.6,79,26.5,30.9,80,25.8,31.4,80,24.2,28.8,80,27.4,31.3,88,26.5,30.0,87,25.2,29.0,82,27.1,30.3,85,27.5,32.0,85
2019-10-03,27.3,29.4,87,27.4,30.9,83,26.1,29.9,87,28.1,30.4,82,23.3,28.2,81,27.5,32.4,73,26.1,30.8,75,24.7,29.3,80,27.5,30.9,89,25.6,28.2,90,24.8,28.8,86,26.7,29.6,90,27.1,31.1,87
2019-10-04,27.2,29.1,88,27.3,31.2,84,26.9,31.4,82,27.8,30.5,84,22.8,28.4,84,26.1,29.7,72,25.7,31.5,72,23.6,27.2,82,27.7,30.3,88,26.0,28.2,88,25.1,29.5,84,26.2,28.4,90,27.9,31.7,87
2019-10-05,27.3,30.1,87,27.0,31.2,82,26.6,31.8,78,27.7,30.0,84,22.7,27.4,84,26.1,31.9,66,25.3,30.2,73,23.9,28.5,76,27.8,30.5,89,25.9,29.2,90,25.1,29.0,83,26.6,29.5,90,28.0,32.1,84
2019-10-06,27.5,29.7,86,27.0,31.4,82,26.3,31.7,76,27.9,30.3,81,22.4,27.0,85,26.4,32.2,62,25.9,30.4,67,23.9,28.4,76,27.4,31.0,88,25.6,28.5,90,24.8,29.0,85,26.9,30.4,88,27.4,30.5,88
2019-10-07,27.7,30.0,86,27.2,31.7,84,25.9,31.4,76,28.1,30.9,81,22.5,26.3,86,26.3,31.5,62,25.3,30.3,68,23.9,28.4,77,26.5,30.1,89,25.1,28.2,91,24.8,29.4,85,27.7,31.5,82,26.7,30.7,90
2019-10-08,28.2,30.6,86,27.7,32.3,80,26.1,31.1,75,27.7,30.6,82,22.5,27.6,86,26.4,31.7,57,25.4,30.4,66,23.3,27.9,76,26.2,29.4,91,25.9,28.6,89,25.2,29.5,76,26.8,29.7,87,25.9,28.5,91
2019-10-09,28.2,30.9,83,27.9,32.6,78,25.9,30.5,83,27.9,30.3,81,22.7,27.2,85,25.5,30.0,61,25.0,31.0,59,23.2,27.7,75,25.1,27.3,93,26.0,28.6,89,24.8,29.2,74,25.8,28.4,88,25.9,29.1,90
2019-10-10,28.5,31.2,84,27.9,32.7,78,26.0,30.8,82,28.3,30.7,80,22.5,26.6,86,26.4,31.0,59,25.4,31.8,52,23.2,28.5,70,25.7,28.7,92,25.9,29.0,90,24.9,29.4,75,26.7,29.8,86,26.2,29.8,90
2019-10-11,28.3,30.5,83,26.8,33.1,69,25.7,31.0,75,28.0,30.3,81,23.2,27.8,80,26.6,32.1,54,25.2,31.3,50,23.3,28.7,73,26.8,30.6,86,25.5,29.1,91,24.6,28.9,76,26.8,30.0,87,26.0,29.2,91
2019-10-12,28.0,30.6,86,26.4,33.2,65,26.0,30.7,73,28.3,30.2,80,23.4,27.8,79,27.3,33.2,57,26.1,31.8,49,23.4,28.9,73,27.6,31.0,81,25.2,27.1,92,24.5,29.6,71,26.5,31.3,78,26.3,30.4,90
2019-10-13,28.1,31.0,85,26.6,33.5,65,26.4,31.2,69,28.3,30.6,80,23.3,27.8,82,27.7,33.4,52,26.9,33.3,50,23.4,28.9,73,27.1,30.9,84,25.6,28.1,90,24.6,30.6,66,26.5,30.3,77,26.9,30.9,86
2019-10-14,29.1,32.7,80,27.2,33.9,68,26.1,31.8,69,28.1,30.4,81,23.6,28.8,78,27.0,33.5,58,26.8,33.6,51,23.9,29.2,75,27.4,31.2,78,25.8,29.4,88,25.4,30.7,63,26.9,30.2,75,26.5,30.7,89
2019-10-15,29.2,33.3,72,27.8,34.1,63,25.8,30.6,71,27.0,29.9,86,22.9,27.2,85,27.1,33.3,62,26.5,32.4,52,23.6,28.8,76,27.6,31.2,75,25.4,28.8,91,25.1,30.9,64,26.7,29.5,77,26.7,30.9,84
2019-10-16,28.7,33.2,69,27.9,34.3,62,26.0,30.4,73,26.6,28.3,85,22.3,26.2,87,27.6,33.3,58,26.0,32.2,56,23.7,29.2,72,26.9,31.1,85,25.0,27.9,92,24.5,30.3,66,26.8,30.0,78,25.7,28.9,90
2019-10-17,28.6,33.3,70,27.6,33.7,61,25.7,30.4,76,26.4,28.6,87,21.5,24.7,89,27.0,32.1,61,25.4,31.3,60,23.5,29.2,70,26.9,31.2,89,25.2,28.6,92,24.6,29.4,67,27.1,30.4,76,25.9,29.8,91
2019-10-18,28.3,31.4,76,27.8,33.7,61,25.3,29.8,80,26.8,29.2,85,22.4,27.0,84,26.4,31.5,65,25.4,31.7,62,22.9,29.1,68,27.6,31.3,87,25.6,29.6,92,24.5,30.0,66,27.6,30.7,76,26.6,30.7,86
2019-10-19,26.2,27.6,87,27.3,33.2,66,25.6,29.4,82,26.7,28.6,87,22.6,26.9,84,25.5,30.8,67,25.2,30.0,64,23.0,29.6,62,27.8,32.1,86,25.6,29.8,90,23.3,25.8,80,27.1,29.6,80,26.8,31.1,84
2019-10-20,25.5,26.2,91,27.1,32.1,76,25.4,28.6,82,26.4,27.9,90,22.4,26.3,86,25.7,32.6,49,25.5,31.9,55,22.8,29.1,59,28.2,32.0,83,25.1,27.5,92,21.6,23.3,86,25.7,28.1,84,27.0,31.3,86
2019-10-21,26.7,30.4,86,26.7,31.8,69,25.2,30.8,69,25.7,28.6,92,21.9,25.3,89,25.0,31.8,51,24.8,31.8,45,21.9,27.3,63,27.7,31.2,86,24.5,26.4,93,22.8,27.2,78,25.8,29.6,84,27.1,31.5,84
2019-10-22,26.3,28.4,88,27.1,32.4,64,23.5,29.4,70,24.8,26.3,92,21.1,23.4,93,24.4,31.5,48,24.5,31.4,43,22.9,28.4,57,27.1,30.2,87,25.3,28.7,86,23.1,25.5,80,25.7,30.1,74,27.5,31.3,82
2019-10-23,25.5,27.0,90,26.6,32.4,71,23.1,29.3,72,27.2,31.1,80,21.8,25.6,89,24.4,31.6,54,24.5,31.2,43,22.5,28.7,62,26.7,30.6,88,25.7,28.3,89,20.9,23.4,76,23.9,25.4,83,25.3,28.0,95
2019-10-24,26.7,28.9,88,25.7,32.7,60,22.8,29.1,75,25.9,27.6,90,22.3,26.1,80,24.2,30.9,65,24.5,31.8,46,22.1,27.7,66,23.5,25.3,95,25.3,27.0,91,22.5,28.3,71,24.0,27.2,78,24.9,26.5,95
2019-10-25,26.5,28.4,84,25.5,33.0,49,23.7,28.9,68,27.5,30.4,82,21.4,24.2,85,24.4,29.9,63,24.6,30.9,53,22.0,27.4,68,23.2,24.9,96,25.4,28.8,88,22.6,26.5,70,22.3,25.1,75,25.6,27.9,92
2019-10-26,26.2,27.0,87,26.3,32.4,50,23.3,28.9,74,27.4,29.7,85,21.3,26.2,86,24.5,30.1,61,23.2,29.3,60,21.9,27.1,70,24.5,28.3,89,25.6,27.7,90,22.5,26.1,79,23.1,26.8,79,25.1,28.5,93
2019-10-27,27.0,30.0,82,25.4,28.8,65,23.8,29.5,68,27.4,29.7,84,21.9,26.9,83,24.5,31.5,58,23.6,29.9,58,21.6,27.6,66,25.1,29.4,83,26.0,28.5,85,22.7,26.3,87,24.4,28.5,75,26.0,30.0,89
2019-10-28,26.6,29.1,85,27.0,31.0,79,25.0,30.1,68,27.1,29.0,84,22.3,27.1,83,24.1,30.4,59,23.9,30.2,58,21.9,28.1,71,24.8,29.1,81,25.2,27.6,90,23.3,27.6,86,24.2,28.7,76,26.3,29.8,86
2019-10-29,27.2,30.1,83,26.8,30.4,81,24.9,30.1,73,26.2,27.6,88,21.6,25.2,86,24.4,29.4,65,24.8,30.5,57,22.5,28.4,72,24.5,29.1,81,25.4,28.5,91,23.6,28.0,88,25.1,29.7,76,26.2,30.1,80
2019-10-30,28.2,31.2,82,27.6,32.3,74,24.7,29.5,77,25.6,26.9,90,20.8,23.6,92,25.4,31.0,64,24.9,29.8,58,22.8,28.4,69,25.2,29.6,79,24.6,26.8,94,24.0,28.4,83,24.9,29.6,78,26.5,31.0,81
2019-10-31,28.7,32.0,72,28.1,32.6,72,24.5,30.9,75,26.2,28.3,89,21.2,24.6,90,24.3,30.9,66,25.8,32.1,58,23.4,29.1,65,25.7,29.7,78,24.6,26.6,94,24.7,30.0,76,25.4,29.8,78,26.2,29.6,88
2019-11-01,27.4,30.5,81,28.6,33.4,70,24.7,30.9,76,26.9,29.6,84,22.1,26.0,82,24.8,31.2,65,26.3,32.6,48,22.4,27.6,64,25.3,29.8,82,25.9,30.0,82,25.0,30.6,76,25.0,29.8,79,26.9,31.2,84
2019-11-02,27.0,30.2,84,26.2,29.5,82,25.2,31.6,77,27.3,29.4,85,22.7,26.7,81,24.4,30.4,69,25.7,32.5,56,21.3,25.9,71,25.1,30.1,82,26.0,28.9,85,23.9,27.3,81,25.5,30.0,80,26.5,30.6,81
2019-11-03,27.0,29.5,84,26.0,29.3,82,25.3,30.6,73,27.2,30.0,83,22.9,27.5,78,23.8,28.8,71,23.8,29.2,70,21.3,27.3,68,25.5,29.6,82,25.4,28.2,89,22.5,24.5,83,26.1,30.5,79,26.5,31.3,80
2019-11-04,27.1,29.7,87,26.9,31.4,75,25.0,30.3,68,27.1,30.3,83,22.2,27.8,72,23.7,29.0,63,24.3,30.1,59,21.3,26.7,60,26.1,30.2,81,25.5,29.2,88,23.9,29.6,76,25.7,29.9,75,26.5,31.2,80
2019-11-05,27.5,30.4,86,27.0,31.9,74,23.5,29.4,63,26.9,30.8,82,22.7,28.0,74,22.9,29.2,57,23.3,29.5,51,21.8,27.0,57,25.5,29.7,82,26.2,29.9,87,24.3,29.8,68,24.8,30.1,70,26.4,30.7,78
2019-11-06,26.8,29.4,85,26.9,31.3,75,22.1,28.3,70,27.2,31.1,82,22.8,27.4,77,23.3,29.8,59,23.8,29.7,48,21.2,27.3,57,24.8,29.7,75,26.2,29.3,88,24.0,29.3,68,23.4,28.9,69,25.3,30.0,80
2019-11-07,27.0,28.7,84,25.7,29.1,79,22.4,28.8,75,27.0,30.3,82,22.7,27.1,80,22.1,26.0,71,22.3,26.3,65,18.5,20.8,71,24.0,28.9,76,26.6,30.0,86,24.0,30.4,79,23.6,29.2,72,24.8,29.3,71
2019-11-08,26.3,27.7,84,26.3,31.2,74,23.2,28.7,73,27.8,31.6,80,22.7,26.2,86,21.9,26.8,74,22.6,27.7,69,18.9,23.4,71,24.1,26.4,85,26.4,29.0,88,23.1,29.5,85,24.2,28.6,75,24.1,24.9,77
2019-11-09,26.2,27.9,85,26.6,30.9,70,23.2,29.2,75,27.7,31.5,83,23.0,27.5,79,21.8,28.5,60,23.6,28.9,56,19.4,26.0,62,23.6,24.3,93,25.9,29.4,90,23.6,28.7,69,25.0,29.0,77,24.9,27.3,77
2019-11-10,26.2,28.8,89,26.7,30.9,71,23.0,29.7,65,27.2,30.4,82,23.1,27.7,77,20.8,27.5,60,22.9,28.3,55,18.5,24.5,66,24.6,27.4,85,25.5,28.6,91,23.1,28.9,68,25.0,29.4,78,26.0,30.8,77
2019-11-11,26.6,30.5,84,26.7,31.8,68,22.8,29.2,62,26.8,29.9,80,22.8,27.4,73,20.3,26.8,59,23.2,28.6,56,17.9,22.7,74,24.6,29.0,82,25.7,29.0,91,23.2,29.5,65,24.6,29.2,67,25.6,30.4,79
2019-11-12,27.1,31.8,81,26.5,32.5,67,22.0,29.2,68,27.5,29.9,76,22.3,27.7,72,19.6,27.4,62,23.4,29.3,60,17.7,23.6,81,24.5,29.2,80,26.0,28.9,89,24.2,29.9,60,22.6,28.6,68,24.8,30.0,79
2019-11-13,27.7,32.0,78,27.1,32.1,61,20.9,28.1,71,27.6,29.6,73,22.0,27.4,73,20.7,27.2,67,23.8,29.3,63,18.0,23.9,76,22.8,28.5,80,26.5,30.4,84,23.9,29.4,59,22.3,28.3,68,23.6,28.9,80
2019-11-14,27.0,31.6,73,26.8,32.2,59,20.9,27.7,74,26.1,28.2,88,21.6,26.1,83,21.4,27.6,69,22.9,28.4,69,18.9,22.3,69,23.5,28.9,80,26.8,30.6,81,22.9,28.9,58,22.7,28.4,72,23.4,28.5,77
2019-11-15,27.0,30.5,73,25.6,31.5,57,20.7,28.2,75,25.9,28.1,88,22.0,27.0,85,21.0,27.0,72,22.4,28.2,61,20.4,24.7,63,23.9,29.4,81,26.4,29.8,87,21.7,28.4,60,22.7,28.8,73,23.9,28.9,79
2019-11-16,27.6,31.2,78,25.7,31.5,58,21.6,28.6,74,26.7,29.0,84,22.3,26.7,80,21.9,28.6,64,23.1,28.9,57,21.0,27.9,56,23.8,29.0,81,25.8,29.1,91,22.0,28.7,59,22.7,28.7,68,24.6,29.7,81
2019-11-17,28.5,32.7,74,25.9,32.4,57,22.0,28.6,66,26.4,29.1,86,22.9,28.0,70,21.7,27.9,61,22.5,28.8,59,20.0,25.5,60,24.2,28.9,80,26.3,29.1,89,22.2,28.4,62,22.7,28.6,71,24.7,30.4,83
2019-11-18,27.4,31.0,69,24.9,31.2,60,20.7,27.2,60,26.9,28.7,86,22.9,27.8,77,19.9,25.8,64,21.0,26.9,59,18.2,23.4,71,23.8,28.7,81,26.6,29.1,89,21.9,27.8,57,22.4,27.8,67,24.3,29.9,82
2019-11-19,26.8,33.0,71,24.0,30.1,58,19.8,27.0,66,26.6,29.0,87,23.3,28.2,77,19.4,25.9,66,20.1,27.2,53,17.6,23.3,74,23.3,28.0,75,25.7,28.8,93,21.8,28.4,59,21.3,27.3,64,23.9,28.9,85
2019-11-20,26.6,32.3,75,23.7,30.1,64,19.2,26.2,70,25.8,27.8,89,22.4,26.7,83,19.1,25.9,65,20.4,26.9,58,17.2,23.2,78,22.8,27.8,72,26.1,29.2,88,22.0,27.8,61,21.7,26.8,67,23.1,28.7,81
2019-11-21,27.5,33.0,73,24.9,31.8,65,19.8,26.5,73,26.4,28.7,84,22.3,27.0,82,19.6,26.2,67,20.6,27.1,62,17.6,22.7,71,22.1,27.6,78,26.3,29.4,89,21.6,27.9,65,21.9,26.7,67,23.3,28.7,79
2019-11-22,27.7,32.5,72,25.1,31.6,63,19.7,26.6,75,26.3,28.7,82,22.1,26.9,77,20.6,27.0,65,20.7,27.0,66,18.4,22.8,69,22.2,27.8,77,26.0,29.2,88,21.8,28.3,68,21.7,27.1,71,23.1,28.8,80
2019-11-23,27.2,32.4,72,24.8,31.2,63,20.2,27.2,69,25.8,27.6,84,21.4,28.2,73,20.6,26.0,62,21.8,27.4,66,19.6,23.4,63,22.4,27.7,78,27.0,30.6,83,22.1,28.2,67,21.9,27.5,72,23.3,28.8,82
2019-11-24,27.1,32.1,72,25.0,31.3,63,20.8,27.4,71,26.7,29.2,74,21.6,27.6,72,20.7,26.0,64,21.7,26.9,64,19.2,25.8,57,22.9,27.6,77,26.9,31.0,84,21.8,27.6,66,21.1,26.1,71,23.4,28.7,84
2019-11-25,26.6,31.7,73,25.5,31.4,63,20.7,25.4,70,26.1,28.5,83,21.8,28.2,71,20.0,25.5,67,21.9,27.1,63,17.1,23.0,57,22.9,28.2,81,27.1,31.0,82,22.1,28.1,64,21.4,25.1,80,23.5,29.1,84
2019-11-26,26.5,31.9,73,25.3,31.1,62,21.0,28.3,79,26.3,28.7,78,21.6,27.4,71,20.1,25.0,67,21.9,27.1,60,18.0,22.8,61,24.2,28.3,78,27.4,31.6,81,21.7,27.9,65,22.4,27.0,79,23.3,29.0,84
2019-11-27,27.0,32.1,70,24.9,30.2,63,21.8,28.3,76,26.4,27.8,86,22.3,26.6,80,19.7,25.2,68,20.9,27.1,66,18.3,22.9,61,23.3,28.6,84,27.2,30.8,80,22.2,29.2,65,23.0,28.0,78,23.2,28.5,85
2019-11-28,27.2,32.3,70,24.5,29.9,64,22.1,28.7,75,25.9,27.8,89,22.0,26.1,83,18.3,22.7,83,20.0,24.9,79,16.4,20.7,80,23.3,28.6,82,27.0,31.2,79,22.2,28.6,63,23.1,27.9,78,23.2,28.9,85
2019-11-29,27.2,31.4,70,23.9,29.7,65,19.3,23.6,80,26.7,28.8,84,22.6,27.7,79,17.7,22.9,82,18.3,21.7,87,16.0,20.6,77,23.9,28.9,79,26.4,29.8,88,22.0,28.6,64,22.7,28.2,78,23.6,29.4,85
2019-11-30,27.7,31.9,73,24.2,30.0,68,19.9,26.3,78,25.7,27.1,89,21.9,26.2,83,17.0,22.2,78,18.1,23.1,76,15.3,21.4,70,24.0,28.6,79,25.7,28.2,93,21.3,27.9,66,21.5,27.1,73,23.8,29.5,83
2019-12-01,27.7,31.7,72,24.1,29.6,68,19.0,25.3,73,25.2,26.3,91,20.7,22.2,94,15.5,21.8,74,17.8,23.9,73,15.0,21.0,75,23.5,28.5,76,24.8,26.4,91,21.2,27.1,74,21.0,26.9,74,23.5,29.3,81
2019-12-02,28.3,33.4,65,23.8,29.7,66,17.9,24.2,70,26.5,28.3,83,21.3,25.0,84,15.4,21.9,70,17.2,24.4,55,15.3,20.7,74,22.1,27.4,74,26.4,29.9,83,20.8,25.1,78,20.4,25.5,72,23.5,28.2,78
2019-12-03,27.9,31.8,68,24.2,29.6,61,16.1,23.0,70,27.2,28.6,73,20.9,24.0,81,15.1,22.4,66,16.7,24.2,48,14.2,20.8,74,20.8,26.3,77,26.0,28.8,87,20.1,26.0,76,19.3,24.4,70,22.8,28.4,77
2019-12-04,27.7,31.3,72,24.1,28.1,57,16.0,23.3,75,26.9,28.6,73,21.1,25.6,79,15.3,21.8,72,16.1,23.9,52,13.9,19.9,65,20.0,26.0,70,27.4,30.7,79,19.3,25.8,60,18.9,24.4,71,22.7,28.0,74
2019-12-05,27.7,29.5,74,24.5,29.5,56,16.6,23.6,76,26.7,28.2,67,20.3,24.6,79,15.4,21.3,74,16.2,23.6,55,14.3,20.1,71,20.1,26.2,78,26.3,28.8,83,18.0,24.7,50,18.5,24.8,70,21.2,26.8,67
2019-12-06,28.0,32.3,63,23.3,27.2,47,17.1,24.6,75,26.3,28.0,66,20.7,26.5,76,15.4,21.8,82,15.9,22.6,61,15.5,22.8,73,21.5,27.9,78,26.2,29.3,78,17.7,23.8,59,19.5,25.5,72,20.9,26.9,74
2019-12-07,26.5,31.2,64,21.9,27.6,50,18.4,25.2,76,25.2,26.9,88,19.7,24.9,84,16.0,22.4,79,16.3,23.2,69,15.9,22.5,65,22.4,28.1,76,25.7,28.2,83,18.2,24.5,62,19.5,25.0,73,22.1,27.5,82
2019-12-08,26.2,31.0,68,21.0,27.6,57,18.6,24.5,73,26.0,28.5,78,20.9,24.8,82,15.7,22.5,79,15.8,22.9,64,14.8,21.7,65,22.9,28.1,73,26.6,30.3,82,18.1,24.9,68,20.1,25.0,67,22.9,27.7,83
2019-12-09,26.7,31.7,72,21.2,28.5,63,17.3,24.0,74,26.0,28.3,74,20.7,26.2,76,15.3,21.8,73,16.0,22.7,62,14.1,20.2,67,22.0,27.8,72,26.6,30.8,76,18.4,25.3,72,20.0,25.1,69,23.0,28.6,79
2019-12-10,26.8,31.3,76,21.1,28.4,70,16.5,23.1,76,25.8,27.7,73,20.7,25.4,75,15.1,21.4,70,16.3,23.4,67,13.0,18.9,76,21.8,27.3,66,26.5,31.0,78,18.8,25.5,72,19.1,24.3,70,22.3,27.9,81
2019-12-11,26.4,29.8,77,20.3,27.6,68,16.4,23.2,73,25.4,27.9,74,21.1,26.5,70,15.7,21.4,71,16.5,23.0,70,14.4,19.7,75,21.7,26.8,74,26.3,29.6,84,20.8,27.1,67,19.7,24.1,68,22.7,28.3,80
2019-12-12,25.8,29.1,74,20.3,26.8,69,17.8,23.1,73,26.1,28.5,73,20.8,26.6,73,15.6,18.4,78,16.6,21.8,79,14.6,17.6,80,21.6,26.6,78,25.9,29.2,87,20.3,25.9,78,19.4,24.2,76,22.6,27.6,79
2019-12-13,25.0,28.6,78,20.9,26.3,75,17.3,20.6,87,26.1,28.3,80,21.4,27.0,75,15.1,19.5,87,15.2,20.1,77,13.2,14.7,83,22.1,26.8,77,26.5,30.2,83,19.8,25.2,77,18.3,20.9,87,22.6,27.1,82
2019-12-14,24.5,29.0,67,19.6,25.9,64,16.3,20.1,88,25.8,27.5,82,20.6,25.2,89,13.0,17.7,85,13.1,18.5,74,12.6,16.3,82,22.3,27.8,78,25.3,28.1,91,18.7,23.3,78,18.4,22.2,86,23.1,28.4,81
2019-12-15,24.4,28.3,66,19.2,25.5,53,15.9,21.2,82,26.0,28.4,76,21.1,26.7,74,13.2,18.5,80,13.3,19.2,71,12.5,17.3,77,21.7,27.0,79,25.8,30.2,83,17.0,20.8,84,17.8,21.1,88,22.8,28.5,81
2019-12-16,25.0,29.6,71,18.6,24.5,51,14.6,20.5,80,25.5,27.3,85,20.5,25.4,80,12.4,18.3,80,12.5,18.7,69,11.9,17.9,78,21.3,25.8,75,25.9,30.1,80,15.5,20.5,80,18.5,22.7,83,22.6,28.1,82
2019-12-17,25.6,31.2,72,18.4,24.5,57,13.1,19.1,82,26.2,28.3,72,21.6,26.7,75,11.8,18.2,80,11.1,17.6,67,11.6,17.5,83,21.0,26.1,78,26.4,31.0,77,14.6,20.6,76,16.4,21.2,81,22.7,27.6,80
2019-12-18,26.0,31.9,68,19.3,26.1,64,12.1,17.6,81,26.1,28.4,78,21.0,27.7,75,11.9,18.0,78,11.3,18.9,75,10.9,16.8,80,18.3,23.5,72,26.5,31.0,77,14.8,21.8,81,13.4,17.4,83,21.9,26.0,74
2019-12-19,25.5,31.0,69,20.0,27.2,74,10.7,17.0,86,26.4,28.2,72,21.1,26.4,76,11.5,17.2,80,12.5,19.6,72,9.9,14.4,86,15.7,22.0,76,27.5,31.4,76,16.2,23.5,81,13.0,17.9,81,19.9,25.6,73
2019-12-20,25.3,30.2,72,20.7,27.8,72,11.9,17.8,84,26.2,28.2,72,20.4,26.6,75,13.0,18.0,79,14.0,21.2,69,11.2,16.1,89,15.5,22.2,75,24.6,25.9,89,17.5,24.5,81,13.6,18.3,82,19.8,26.0,77
2019-12-21,25.8,30.3,72,21.3,28.5,70,13.7,20.3,84,25.9,28.3,75,21.4,26.7,76,13.4,16.2,81,15.2,21.7,69,12.3,17.8,83,16.3,22.8,78,26.3,29.5,80,19.0,25.1,75,14.3,19.0,85,20.3,26.5,82
2019-12-22,26.5,31.3,67,22.3,28.4,59,15.2,22.1,79,25.8,27.9,68,21.5,26.9,72,12.5,18.5,84,14.4,21.4,60,12.3,18.8,81,16.6,23.6,81,26.2,30.3,81,17.9,24.3,74,15.2,20.3,86,20.5,26.8,82
2019-12-23,26.6,30.7,72,22.6,27.8,59,12.2,19.1,84,25.4,27.9,70,21.6,27.2,72,11.8,18.6,82,13.0,21.0,59,10.6,16.3,82,17.3,23.1,82,26.2,30.0,83,17.8,23.6,69,14.6,19.0,91,21.0,27.1,79
2019-12-24,26.2,30.0,77,22.4,28.5,65,10.6,16.7,91,25.3,25.8,84,21.3,25.3,80,9.6,15.3,90,13.7,19.6,70,10.1,15.3,84,17.8,24.2,80,26.3,29.4,84,18.5,23.2,75,15.1,20.0,86,20.6,27.0,73
2019-12-25,26.8,30.9,71,20.7,26.9,64,10.9,18.2,87,26.1,28.1,72,21.9,25.9,79,8.7,15.3,87,13.5,21.1,64,9.3,14.7,86,18.8,24.6,79,26.6,29.7,83,17.0,20.9,87,14.5,19.0,84,20.9,27.8,76
2019-12-26,25.8,29.6,66,19.0,25.6,57,9.0,16.1,87,25.1,27.7,75,23.0,28.2,73,8.4,14.9,84,11.4,20.2,54,8.5,13.7,87,17.4,20.6,88,26.6,30.0,84,15.7,20.9,69,12.9,18.4,86,21.0,24.4,89
2019-12-27,24.5,29.3,69,17.5,24.0,42,8.6,15.3,84,25.1,28.0,72,22.8,29.0,72,7.3,13.6,88,10.5,19.2,57,7.8,12.9,91,16.2,19.4,82,26.0,30.3,84,12.6,18.9,59,10.9,15.5,83,20.2,23.1,89
2019-12-28,25.1,31.0,69,17.0,24.0,42,8.1,15.3,88,25.8,28.4,70,21.7,27.1,73,6.7,13.1,90,10.4,19.2,69,6.7,11.4,91,15.2,21.0,77,26.1,30.1,77,11.7,19.8,65,10.9,16.7,85,17.5,22.7,62
2019-12-29,25.1,29.3,70,17.6,24.3,50,7.2,14.7,87,25.3,27.8,78,21.4,27.4,71,7.3,13.1,86,9.0,18.3,73,8.5,14.3,88,15.5,22.0,77,25.9,29.5,78,12.4,20.7,64,10.4,16.4,86,16.8,23.1,65
2019-12-30,23.9,27.2,77,17.7,25.0,58,7.1,14.7,87,25.0,27.0,81,21.4,27.4,71,6.9,12.8,89,8.3,16.8,79,9.2,13.8,82,15.5,21.9,79,26.2,30.6,78,13.9,21.5,65,10.1,16.0,87,16.7,22.2,73
2019-12-31,22.9,27.1,65,18.2,25.2,60,8.0,16.9,87,25.1,27.0,84,21.5,26.2,75,7.6,12.9,78,7.9,15.9,77,8.4,15.2,82,16.8,23.5,78,26.3,30.3,81,15.3,20.2,71,11.9,18.6,85,17.7,24.5,72
2020-01-01,21.4,25.7,76,19.8,25.5,65,11.8,18.7,84,25.0,26.9,88,21.6,26.9,80,10.0,17.7,79,11.4,18.1,73,11.1,18.4,68,17.9,25.0,78,26.7,30.9,81,15.6,19.6,84,15.1,20.6,84,19.7,25.9,68
2020-01-02,22.3,26.3,77,19.9,25.5,66,14.6,19.7,85,25.5,27.3,88,22.4,27.2,77,12.9,19.5,79,13.4,19.3,76,12.9,19.9,62,19.5,25.6,78,26.6,30.6,80,16.9,22.4,86,16.6,21.2,86,21.1,26.5,73
2020-01-03,22.2,26.2,76,18.2,24.6,68,14.9,18.8,90,26.1,28.7,85,23.0,28.2,73,14.0,19.0,78,15.1,21.2,72,12.9,18.4,69,17.9,21.2,86,27.1,31.5,80,15.8,20.6,82,16.2,19.3,89,19.9,22.8,84
2020-01-04,21.9,25.8,68,18.2,24.9,63,13.9,18.8,88,26.4,28.8,85,23.4,28.3,70,13.4,18.9,82,14.8,19.9,73,11.4,17.3,76,18.3,22.9,85,27.0,31.2,81,14.4,20.5,78,15.7,19.0,90,19.3,23.1,89
2020-01-05,23.4,29.7,68,18.4,25.1,59,14.2,20.6,80,26.1,27.6,84,23.3,28.0,73,13.3,19.8,74,14.2,21.0,69,11.8,17.2,63,17.4,22.0,85,26.7,30.3,85,13.7,20.4,77,15.3,20.1,83,19.7,25.6,83
2020-01-06,24.6,29.8,67,19.9,27.2,63,15.1,21.5,75,25.6,26.9,85,22.4,27.4,78,13.5,17.1,76,15.1,21.7,72,13.1,16.7,72,16.2,22.3,79,27.2,31.9,81,14.6,22.7,73,15.1,20.1,82,18.6,24.1,78
2020-01-07,24.0,27.3,79,21.2,26.8,70,15.0,21.3,82,26.0,27.9,79,22.0,27.1,73,14.0,17.8,83,16.2,21.6,73,12.1,14.2,89,17.1,22.8,78,26.8,31.9,77,17.7,25.7,71,14.8,20.2,87,18.2,24.8,77
2020-01-08,24.0,27.0,76,19.7,25.4,59,13.9,16.8,90,25.4,27.8,75,22.5,28.2,67,12.8,15.3,92,14.9,20.2,72,10.4,12.5,90,17.7,24.0,80,26.7,31.1,78,19.0,24.5,77,15.5,19.2,86,19.5,26.4,77
2020-01-09,22.9,27.5,61,16.6,22.9,50,14.2,17.4,86,24.6,27.5,74,22.8,29.1,67,10.5,16.0,78,11.5,17.7,62,9.0,14.5,82,18.4,22.9,83,26.7,31.5,78,14.1,19.7,66,16.7,21.2,86,21.3,27.1,84
2020-01-10,23.9,30.7,64,16.6,23.0,48,11.4,17.7,77,25.1,27.9,70,21.7,28.2,67,10.1,16.6,77,11.0,18.8,60,9.8,15.9,77,18.2,23.2,76,26.2,31.6,72,11.2,17.7,68,14.3,17.9,88,20.5,24.3,86
2020-01-11,25.3,31.5,70,19.0,26.3,52,11.1,17.7,83,25.2,27.6,70,20.9,27.7,64,10.3,16.9,77,11.8,19.4,60,10.2,16.0,78,15.9,21.3,75,26.6,33.2,64,12.1,21.0,65,13.2,17.9,81,18.2,23.7,70
2020-01-12,24.7,29.3,76,22.3,29.3,62,12.2,18.9,84,25.0,26.8,78,20.6,27.2,70,11.8,19.7,78,13.8,22.0,61,12.9,17.4,76,16.0,22.3,77,26.1,32.1,65,14.9,24.0,61,12.8,18.0,85,17.9,23.6,71
2020-01-13,24.0,27.2,84,19.8,24.7,75,13.3,20.9,89,24.3,27.6,79,22.2,28.4,65,14.6,20.6,83,16.2,23.4,68,13.0,16.9,82,15.9,22.4,76,26.0,31.8,70,19.0,27.4,59,13.6,18.8,86,18.1,25.5,72
2020-01-14,23.3,26.6,79,17.9,23.9,60,15.0,20.2,88,23.9,27.2,71,22.0,29.1,61,14.0,18.3,86,14.2,20.3,67,12.7,15.9,86,17.6,24.0,72,26.3,30.9,74,19.0,24.3,81,14.2,19.4,88,19.0,26.9,81
2020-01-15,22.2,25.1,64,16.6,23.5,56,15.7,18.5,86,25.2,27.9,62,20.7,27.8,60,12.4,18.6,83,13.8,19.9,73,12.5,16.6,85,19.1,26.0,74,26.0,31.0,67,19.8,25.9,76,14.9,20.1,86,20.4,27.2,84
2020-01-16,20.8,24.1,65,16.0,22.0,63,15.2,16.0,93,25.4,28.0,68,21.0,27.4,65,12.4,15.8,90,13.7,18.3,76,12.3,16.8,85,20.1,27.0,76,25.9,30.6,70,17.6,22.4,82,17.1,22.5,83,20.8,27.8,82
2020-01-17,19.8,24.4,58,16.6,23.3,68,15.7,20.2,87,25.3,27.5,82,21.7,28.5,63,13.0,17.9,88,13.5,20.0,71,12.4,17.2,85,20.7,27.8,78,26.3,32.5,72,15.2,20.8,71,18.8,22.7,85,21.2,28.0,81
2020-01-18,21.5,27.4,64,17.4,24.6,62,14.5,19.8,87,25.9,27.8,81,22.1,27.9,77,12.5,17.2,89,13.4,19.1,75,10.9,15.9,85,20.2,27.8,74,27.1,31.9,75,15.3,21.7,75,18.1,21.7,88,21.5,27.9,80
2020-01-19,23.1,28.5,67,18.2,25.4,52,13.8,19.7,83,26.2,28.5,75,22.7,28.1,70,11.7,17.6,82,13.1,19.6,64,10.8,17.1,80,20.7,27.6,76,27.4,32.0,75,14.3,20.3,71,16.7,20.4,80,21.9,29.2,78
2020-01-20,23.5,30.1,74,18.1,25.9,56,12.9,19.2,82,25.7,28.5,77,23.3,29.8,62,12.1,17.5,84,12.4,19.0,65,11.1,16.7,80,18.4,22.2,75,27.4,32.5,74,13.6,20.9,70,14.6,19.7,80,21.7,26.3,82
2020-01-21,23.5,28.5,76,18.5,26.9,56,13.1,18.9,79,25.7,28.4,71,22.1,29.2,60,12.9,18.2,86,14.1,20.8,74,12.7,16.7,75,17.8,24.2,73,27.7,32.9,69,17.0,25.7,78,14.3,19.3,83,21.3,26.9,82
2020-01-22,24.3,30.1,67,19.8,28.4,54,13.1,19.6,83,26.1,28.3,70,21.8,29.0,69,12.5,18.8,82,14.8,22.0,69,12.4,18.5,72,18.7,25.3,75,28.1,33.8,68,18.0,24.0,87,14.1,19.3,87,21.8,28.8,79
2020-01-23,25.5,31.0,64,20.2,26.8,52,13.9,19.5,75,25.9,28.3,72,22.3,29.1,66,12.5,17.8,66,14.4,21.2,47,11.3,16.1,72,19.4,24.7,79,28.4,33.3,71,15.4,21.3,70,15.2,20.6,79,23.1,30.3,79
2020-01-24,25.2,30.9,68,19.9,27.6,48,12.7,19.1,72,24.1,28.2,79,22.3,30.0,56,12.8,19.2,60,14.4,22.6,38,12.1,17.8,69,18.6,24.3,65,28.2,33.3,70,14.9,23.3,66,13.9,18.8,74,22.7,29.4,73
2020-01-25,25.0,30.0,66,19.6,28.2,53,12.4,19.5,81,23.3,28.0,82,22.1,30.0,45,11.8,18.2,74,14.7,22.1,44,11.4,16.0,77,17.3,23.9,62,27.0,32.4,72,15.9,23.9,66,14.3,19.2,79,20.9,27.6,73
2020-01-26,24.3,29.6,72,20.9,29.3,52,13.0,20.5,82,23.5,28.1,83,22.5,31.0,51,13.6,20.2,79,16.6,24.4,46,12.6,18.5,77,17.7,24.6,65,26.1,31.4,69,17.3,24.6,60,14.7,19.8,79,22.0,28.9,76
2020-01-27,23.8,27.4,77,21.0,28.4,58,15.0,22.3,79,24.5,28.4,80,23.1,30.8,54,14.0,20.0,77,16.7,23.3,66,10.3,14.3,82,18.4,24.5,65,26.1,31.4,73,20.1,28.2,60,15.3,21.4,80,20.7,27.7,65
2020-01-28,23.0,26.1,79,20.2,25.3,51,16.2,20.9,86,25.7,29.0,77,23.1,29.9,58,14.2,19.3,83,16.3,21.9,63,13.4,17.3,74,19.9,26.5,68,26.7,31.8,73,19.8,25.6,64,16.4,19.8,84,22.7,29.5,77
2020-01-29,22.1,24.6,64,17.8,24.5,51,16.4,22.0,85,25.8,29.1,78,23.9,30.9,58,13.3,18.5,82,15.1,20.9,49,12.1,16.4,86,20.9,24.7,88,26.1,32.9,72,18.3,23.3,57,18.0,22.9,85,25.4,31.5,80
2020-01-30,21.5,27.0,59,18.0,25.7,50,14.8,20.5,77,25.3,29.2,80,23.9,31.1,54,12.6,18.2,77,14.2,20.8,50,11.2,16.8,75,20.2,22.8,92,26.7,32.4,73,15.6,21.2,63,17.2,21.5,83,24.3,29.9,82
2020-01-31,21.4,25.7,63,18.3,25.6,52,13.1,19.6,73,25.7,29.0,77,24.3,30.7,54,12.1,17.5,74,13.9,20.7,56,11.3,16.4,82,19.2,24.5,73,27.0,33.0,75,14.6,21.7,60,15.2,20.6,71,22.3,27.4,75
2020-02-01,22.4,27.5,64,19.3,26.5,34,13.3,19.7,74,26.6,29.3,71,23.0,28.8,62,12.3,18.3,74,14.1,21.4,56,11.0,16.1,78,18.4,24.7,70,27.1,32.2,73,15.5,22.3,52,15.1,21.1,68,21.7,28.1,77
2020-02-02,23.0,28.5,75,20.3,27.4,39,12.8,19.6,73,26.4,29.0,72,22.9,28.3,61,11.7,18.1,76,14.2,21.1,51,11.3,17.1,77,18.2,23.9,61,27.2,31.9,69,15.3,22.3,52,15.2,20.7,66,21.7,26.5,76
2020-02-03,22.9,26.4,81,20.8,27.9,43,12.6,20.1,77,26.0,28.6,73,22.5,29.4,53,12.0,18.8,74,13.7,21.0,54,11.0,17.6,79,17.2,23.9,63,26.9,32.5,67,16.5,23.1,60,14.1,20.7,71,21.3,27.3,69
2020-02-04,23.3,27.4,72,19.9,27.7,37,13.4,20.6,77,26.0,28.7,75,22.0,28.7,59,13.0,19.6,74,14.8,21.6,60,11.6,16.9,76,18.2,24.7,64,26.9,32.3,69,18.2,25.1,73,15.3,21.3,71,21.7,27.6,70
2020-02-05,23.2,28.7,54,20.0,28.1,42,14.4,21.6,71,25.9,29.0,71,22.9,29.1,62,12.9,19.0,74,16.2,22.9,53,11.5,17.2,77,20.4,25.4,68,27.1,32.0,71,17.6,24.5,68,16.4,22.5,71,20.3,24.8,88
2020-02-06,22.7,26.6,63,20.4,27.4,37,13.7,20.7,75,25.6,29.0,75,23.0,29.7,60,11.7,17.5,75,14.9,21.4,45,11.4,16.4,79,20.4,26.4,69,27.2,32.9,69,17.8,24.0,62,15.4,21.7,68,22.2,27.9,83
2020-02-07,21.9,26.3,61,20.4,28.1,38,14.0,21.0,74,26.5,29.0,67,23.1,29.3,63,12.7,18.3,71,14.7,21.8,50,11.9,16.6,73,19.6,24.1,63,27.3,32.0,77,17.6,23.8,63,15.6,22.2,69,20.2,22.9,93
2020-02-08,22.8,28.7,65,20.3,26.7,38,13.3,20.4,71,26.5,29.2,69,23.8,29.5,60,12.4,19.1,75,14.8,22.4,47,11.7,17.8,73,18.3,21.0,66,27.1,30.9,80,16.4,22.6,57,16.9,22.6,63,18.3,21.1,81
2020-02-09,24.7,30.9,55,20.3,27.1,39,14.1,21.8,74,26.7,28.3,68,22.8,28.1,65,12.8,19.8,75,14.5,22.0,50,12.1,18.4,75,19.3,25.7,67,27.3,31.6,74,15.1,22.4,55,15.4,21.6,64,18.8,22.6,79
2020-02-10,25.6,30.7,60,20.6,28.5,40,14.3,22.0,72,26.8,29.2,62,22.7,28.9,64,13.2,20.1,73,14.5,22.1,55,12.7,19.3,75,18.1,25.4,59,27.7,32.4,65,16.0,23.8,59,16.2,23.1,69,20.0,25.8,71
2020-02-11,26.6,32.4,62,22.5,30.7,51,13.9,21.8,70,26.4,29.0,72,21.9,28.5,63,13.5,20.6,73,15.4,23.3,53,13.4,20.0,74,18.2,26.1,58,27.8,33.1,63,18.0,25.7,57,16.2,23.1,70,19.5,26.4,70
2020-02-12,27.6,33.8,59,24.3,32.0,49,15.3,23.5,68,26.7,29.2,72,22.7,28.9,64,15.9,23.8,68,17.5,26.9,49,16.2,23.1,67,19.1,26.6,59,27.9,34.3,65,19.0,27.5,63,16.2,22.9,68,19.9,27.0,71
2020-02-13,27.6,33.9,56,24.7,32.6,44,18.6,25.8,66,26.3,29.7,74,23.5,30.5,57,19.2,26.6,57,20.6,28.7,41,18.2,24.7,68,20.0,26.9,57,27.9,33.7,71,20.6,28.9,61,17.7,24.5,71,21.2,29.6,64
2020-02-14,27.6,32.6,45,24.3,31.8,38,20.0,26.3,59,25.5,30.6,74,23.7,30.5,55,18.5,24.0,51,20.1,26.9,36,17.0,21.6,75,21.7,29.4,64,27.5,33.0,71,21.0,28.2,54,18.7,25.2,78,22.8,32.4,58
2020-02-15,25.5,30.2,49,22.9,30.7,38,17.3,24.1,63,24.9,29.8,71,23.9,31.5,47,17.5,24.7,47,19.0,27.9,27,16.9,22.4,73,21.6,29.2,62,27.4,31.4,78,20.0,27.5,53,18.7,24.8,68,23.3,31.7,65
2020-02-16,25.0,30.5,62,25.2,33.3,40,17.4,25.1,76,25.1,28.7,71,23.8,31.3,38,17.1,25.0,60,20.2,29.0,25,17.4,24.4,58,22.1,29.7,59,28.0,33.6,73,19.3,27.5,48,18.0,24.8,72,23.3,30.4,76
2020-02-17,25.9,32.5,64,25.7,34.1,28,18.5,26.1,70,25.3,29.1,68,22.8,31.0,46,17.5,25.5,56,21.1,30.1,26,17.1,23.7,55,22.1,29.6,66,27.8,33.8,66,20.1,27.9,42,19.4,25.8,70,24.2,30.9,78
2020-02-18,27.0,33.4,59,24.6,33.8,33,17.6,25.8,56,25.2,29.1,68,23.0,30.7,47,17.0,25.4,48,19.2,28.9,26,17.3,23.9,54,22.1,29.4,71,27.2,32.6,64,21.0,28.7,40,19.6,26.2,67,23.3,30.3,71
2020-02-19,26.1,30.6,69,25.1,34.1,42,18.3,26.0,61,25.7,29.0,65,23.1,30.8,54,18.2,25.2,54,20.6,28.7,34,17.3,23.0,60,23.0,30.7,73,26.7,33.4,61,21.7,29.4,42,19.2,25.9,62,23.7,30.7,77
2020-02-20,25.1,30.0,74,24.6,32.4,37,20.6,27.6,63,25.9,29.5,62,22.8,30.9,54,20.0,26.3,62,21.2,29.2,47,20.3,25.6,55,24.3,30.2,71,26.6,32.7,64,23.1,30.7,48,19.2,25.3,71,24.3,31.1,74
2020-02-21,25.0,30.0,70,24.0,32.0,41,19.2,22.7,74,26.4,30.0,67,22.8,31.2,56,16.2,18.9,84,18.9,25.1,55,16.4,20.6,72,23.7,30.5,68,28.3,34.7,60,23.4,29.9,50,21.8,28.2,72,23.4,30.6,69
2020-02-22,25.7,31.6,58,24.3,31.9,30,18.6,23.9,78,27.0,29.8,73,23.3,30.4,62,17.8,21.5,79,18.5,25.1,69,17.6,23.1,68,24.3,30.8,61,29.6,34.3,60,21.6,27.8,54,21.1,25.2,70,23.2,30.6,68
2020-02-23,26.3,32.2,54,24.4,32.2,40,19.9,24.7,81,26.8,29.5,74,23.5,30.3,60,17.5,23.2,82,19.3,24.7,65,16.7,22.8,71,24.2,31.0,64,28.3,34.1,62,21.1,27.6,64,21.8,27.2,75,23.7,31.4,69
2020-02-24,25.4,30.4,57,24.3,31.8,41,19.3,25.1,82,26.5,29.8,76,23.5,30.4,58,17.6,23.5,78,19.6,25.6,61,17.3,24.3,64,22.6,27.4,73,27.8,32.8,69,20.7,26.5,58,20.2,23.8,83,23.1,29.3,73
2020-02-25,27.2,33.9,40,24.8,32.0,34,17.9,23.6,85,27.1,30.2,75,24.5,31.9,54,18.0,24.4,74,20.0,27.0,50,17.1,23.6,63,19.5,22.4,88,27.5,32.9,64,20.0,26.1,54,19.0,22.2,85,20.7,23.2,84
2020-02-26,26.8,34.1,41,25.3,32.5,37,17.4,23.1,80,27.2,30.0,75,24.6,30.6,59,18.6,25.0,74,21.1,28.7,47,16.8,23.8,69,20.8,26.5,82,27.7,33.3,69,20.9,28.2,47,18.2,21.4,87,21.9,27.1,83
2020-02-27,26.2,35.5,53,26.1,33.4,37,18.2,24.2,79,27.2,30.0,74,24.5,30.8,58,19.1,25.4,76,22.1,29.5,50,17.7,23.8,71,21.4,27.0,75,28.0,33.4,69,22.2,29.6,46,19.2,23.2,78,21.8,28.1,74
2020-02-28,25.4,31.1,59,26.5,34.2,37,19.0,25.4,75,27.0,29.7,72,24.1,31.0,60,20.3,25.6,74,22.1,28.6,58,19.0,24.3,70,21.9,27.9,68,28.4,33.4,68,23.1,30.3,46,20.1,25.1,76,21.8,27.3,79
2020-02-29,25.5,30.3,64,26.8,33.7,36,20.8,26.5,74,26.8,29.6,73,24.5,31.4,57,18.7,21.9,82,20.2,26.8,70,17.8,23.2,79,22.7,29.5,67,27.8,32.5,68,22.7,28.8,49,20.7,26.3,75,22.5,28.4,79
2020-03-01,25.0,29.4,71,26.1,33.4,36,21.4,27.7,75,26.8,29.7,71,24.5,30.6,59,19.1,24.9,80,21.0,28.2,65,17.9,24.4,63,23.9,31.1,68,28.1,33.4,67,22.6,30.0,58,22.0,27.3,73,23.7,29.8,77
2020-03-02,24.4,28.3,79,25.9,33.6,33,21.3,27.5,76,26.4,29.5,71,24.1,29.6,62,19.7,25.4,78,22.0,28.4,60,18.5,25.3,61,24.5,31.2,67,28.2,32.5,67,23.6,30.7,54,21.6,26.9,78,24.4,30.2,77
2020-03-03,24.5,27.8,80,25.9,33.4,37,21.8,28.5,67,27.0,31.0,70,25.3,30.7,55,19.6,26.0,70,22.2,27.6,58,18.8,25.4,60,23.9,30.5,76,28.1,32.3,75,23.6,30.3,36,22.8,29.0,70,25.0,31.5,76
2020-03-04,24.5,27.9,77,25.3,32.5,42,21.2,27.9,66,26.8,30.9,76,25.4,30.7,58,19.2,24.9,72,20.7,28.0,66,19.0,25.5,57,24.2,29.9,81,28.1,33.0,78,22.3,29.5,47,22.9,28.2,69,24.9,30.3,79
2020-03-05,24.5,27.6,76,24.1,29.9,54,20.4,27.4,74,27.2,30.5,75,25.1,30.0,62,18.2,24.5,79,20.2,26.6,67,18.6,22.4,58,24.5,30.7,78,27.7,32.5,81,22.8,28.9,38,22.9,27.8,72,25.0,29.8,78
2020-03-06,25.2,28.0,66,23.2,29.4,53,19.3,23.9,85,27.5,30.0,74,24.3,29.8,68,16.4,21.3,86,17.2,23.1,70,16.5,20.4,68,24.4,28.2,72,28.0,32.3,76,22.0,27.3,47,22.5,27.8,74,23.9,27.6,82
2020-03-07,24.2,27.5,66,22.1,29.4,34,19.5,25.7,83,27.6,29.6,74,24.2,29.4,72,15.9,20.4,85,16.9,24.1,63,14.1,17.6,79,23.5,26.7,82,27.6,31.4,78,21.5,27.5,44,22.0,26.9,77,25.5,30.2,78
2020-03-08,23.6,27.7,68,23.7,31.6,34,18.8,25.4,76,27.3,29.8,74,24.7,30.5,68,16.5,22.7,79,18.7,25.7,53,16.3,22.2,66,24.6,29.6,75,27.8,32.9,75,20.7,27.5,47,22.0,27.0,69,25.9,30.4,80
2020-03-09,23.8,28.0,75,25.5,33.5,31,19.1,26.4,61,26.9,30.4,73,24.7,30.2,67,17.0,23.6,67,19.9,26.8,45,17.0,23.3,59,24.0,29.7,59,28.0,32.5,76,21.5,28.1,48,21.3,27.0,63,25.6,31.5,74
2020-03-10,24.7,27.7,75,24.9,32.3,50,18.9,26.2,65,27.3,30.5,71,25.3,30.7,58,17.1,23.7,68,18.5,24.1,51,16.7,22.7,63,24.1,30.8,60,28.2,32.3,76,22.3,27.4,63,21.6,27.3,61,26.1,32.0,82
2020-03-11,24.8,27.7,66,24.0,30.0,49,21.1,27.4,69,26.9,30.2,73,25.7,32.6,57,18.7,23.9,74,20.2,26.9,59,17.1,20.6,68,25.7,32.5,64,28.3,34.0,74,23.6,29.3,55,22.6,27.9,66,27.0,32.3,79
2020-03-12,23.9,27.1,71,21.9,29.0,36,23.2,29.6,67,27.4,31.0,73,25.8,32.6,51,19.6,25.7,67,19.9,26.5,35,18.4,23.2,67,26.0,32.6,72,28.5,32.7,75,23.1,29.1,46,24.5,30.0,71,27.6,33.0,76
2020-03-13,23.4,28.2,62,22.2,29.2,42,20.4,26.2,85,27.5,30.7,73,25.4,32.4,52,18.7,24.7,65,19.0,25.4,29,16.9,22.5,70,27.5,34.0,70,28.8,35.0,68,21.6,27.3,32,22.2,24.2,88,27.3,33.9,77
2020-03-14,24.8,31.4,52,23.6,31.6,27,18.7,23.5,84,27.5,30.9,73,25.3,32.6,52,16.4,20.7,82,18.6,24.1,40,14.2,18.2,85,26.8,34.0,60,28.6,34.4,67,20.6,27.9,37,20.6,23.9,89,27.2,34.1,74
2020-03-15,25.9,33.3,46,24.6,32.5,25,19.4,25.2,78,27.7,30.7,71,25.6,33.4,56,16.3,21.3,78,18.4,24.8,46,15.1,20.7,75,25.3,32.3,63,28.6,34.2,70,20.4,26.7,39,22.2,28.5,77,26.2,32.7,68
2020-03-16,27.3,35.1,52,25.9,34.0,25,19.5,25.9,69,28.2,31.2,71,25.5,32.7,59,18.0,23.9,75,19.4,26.1,48,17.0,23.4,71,26.2,32.0,71,28.8,34.2,68,21.4,29.3,46,22.6,28.4,65,27.7,34.2,68
2020-03-17,26.9,32.7,57,26.9,35.7,30,20.4,27.7,65,27.8,31.4,75,25.6,32.5,54,18.9,25.6,71,21.5,28.8,48,18.9,24.4,70,26.8,32.1,66,29.9,34.6,60,23.0,30.5,47,22.1,28.1,64,28.0,34.7,72
2020-03-18,27.2,31.7,59,28.2,36.8,29,21.8,29.7,57,27.7,31.5,78,26.2,33.8,46,20.4,27.1,67,23.1,30.1,42,19.7,25.3,66,27.1,33.9,59,29.6,34.9,65,24.1,31.3,51,22.9,29.7,62,28.2,35.4,71
2020-03-19,26.1,30.8,67,28.8,36.7,28,22.5,30.4,61,28.1,32.3,77,26.8,34.2,44,20.8,27.4,71,24.4,31.4,36,19.0,25.7,65,26.8,33.7,52,28.6,32.8,74,24.6,32.5,53,23.5,31.0,61,26.9,31.8,78
2020-03-20,25.6,28.9,75,27.2,33.8,32,23.4,31.0,62,27.8,31.6,77,25.3,32.6,56,21.2,29.0,69,24.6,32.8,41,19.7,26.2,61,27.0,33.0,53,28.8,33.9,76,24.7,31.7,56,23.8,29.4,58,26.4,34.2,74
2020-03-21,25.1,28.7,80,26.9,34.4,48,22.9,27.8,64,28.1,31.7,75,26.9,34.4,51,21.7,28.4,70,23.9,30.2,47,19.8,26.9,65,26.8,35.9,60,28.6,33.3,75,25.2,32.2,36,23.3,28.8,65,26.0,31.7,77
2020-03-22,25.9,29.9,78,29.0,35.2,45,23.3,31.3,63,28.2,31.5,74,26.3,32.1,54,22.0,28.6,68,25.3,31.5,39,20.3,27.1,59,24.5,28.3,76,28.2,31.7,80,25.5,32.3,40,23.4,28.7,72,25.4,30.5,82
2020-03-23,27.3,32.3,73,29.9,37.2,40,23.5,31.2,67,28.0,31.3,70,25.1,31.0,63,22.5,29.2,61,25.3,30.9,43,20.7,27.5,59,25.7,31.4,69,27.9,32.8,82,27.0,34.2,38,24.3,29.4,67,26.2,31.4,83
2020-03-24,28.0,31.7,67,31.4,37.2,34,25.0,32.1,63,27.9,31.2,72,26.7,33.7,55,23.6,30.2,64,25.4,32.5,47,21.4,26.7,61,26.4,32.3,73,27.8,31.9,81,27.6,34.0,40,25.6,32.0,63,27.3,33.8,77
2020-03-25,27.9,30.4,78,30.7,36.6,34,26.3,34.2,55,27.8,31.4,72,26.1,32.7,51,23.8,30.3,62,26.0,32.4,45,21.8,28.5,66,27.1,33.0,70,27.0,31.2,84,27.1,33.1,50,26.9,32.9,57,27.9,34.3,76
2020-03-26,27.9,30.7,82,28.4,32.3,48,27.3,34.2,44,28.1,31.6,72,26.2,33.7,51,23.5,29.7,61,23.2,27.5,58,22.5,28.1,57,29.2,36.5,60,27.1,31.3,80,25.5,31.0,66,27.4,34.2,50,28.9,36.3,67
2020-03-27,28.6,32.7,66,25.2,32.1,59,23.5,28.0,67,27.8,31.8,71,25.7,33.2,49,21.4,25.2,74,21.0,24.7,75,19.8,23.3,79,30.0,38.0,55,27.6,32.5,72,23.2,29.0,80,28.4,35.6,47,29.1,36.2,67
2020-03-28,28.8,33.5,56,26.5,33.8,41,24.2,31.2,61,27.3,32.1,73,25.9,34.1,42,21.3,27.3,69,22.4,28.9,58,19.8,25.5,71,31.1,38.3,53,28.0,33.5,73,24.6,30.4,65,28.0,33.7,51,30.2,37.4,59
2020-03-29,28.5,33.7,57,27.9,35.5,36,24.6,31.6,47,27.6,32.4,74,26.5,34.2,37,21.9,28.2,59,23.8,30.6,40,20.9,26.7,55,30.3,37.2,49,27.9,32.0,78,25.5,31.0,53,27.3,33.4,42,30.8,38.1,58
2020-03-30,28.0,32.1,64,29.3,37.2,33,24.6,32.3,39,27.1,31.5,76,26.9,34.6,42,21.9,28.8,55,24.8,31.7,37,20.5,26.2,58,29.7,36.9,49,28.4,33.8,77,27.1,34.5,44,26.5,33.5,36,30.2,36.8,59
2020-03-31,27.6,31.7,68,29.0,37.4,31,25.0,33.6,44,27.5,32.0,76,26.8,34.5,39,22.7,30.1,56,25.4,32.2,37,21.2,29.7,57,29.9,37.4,52,28.7,33.7,76,28.2,35.9,40,26.2,33.8,41,29.5,36.7,72
2020-04-01,27.4,31.5,70,29.4,36.3,38,26.4,34.6,48,28.0,32.7,76,27.6,34.9,36,23.9,31.1,56,25.9,33.3,38,22.7,29.0,50,30.6,38.6,61,28.7,33.4,70,28.6,35.5,30,27.9,35.8,43,30.5,38.4,64
2020-04-02,28.1,33.5,66,29.2,37.0,36,26.5,33.6,42,28.5,33.1,77,28.0,35.1,38,23.3,29.5,53,25.8,32.7,33,21.8,28.2,42,30.8,38.3,65,28.5,34.8,70,27.1,33.7,32,28.9,35.8,41,30.4,37.9,67
2020-04-03,27.9,31.7,72,30.4,38.2,27,25.4,32.4,33,28.8,32.4,75,27.9,34.5,42,22.4,29.4,44,25.8,33.2,23,20.8,27.8,43,29.9,36.9,65,28.7,33.7,70,27.2,33.7,30,27.9,34.6,33,30.5,37.8,66
2020-04-04,27.6,31.5,73,30.4,38.5,27,24.7,33.4,37,28.6,32.1,74,27.5,35.3,43,23.2,31.0,48,25.9,34.0,26,22.5,29.3,45,30.4,37.4,60,28.6,33.1,73,27.7,34.6,29,26.8,34.9,35,30.1,36.4,71
2020-04-05,27.3,31.3,78,30.4,38.6,26,25.9,34.6,36,29.3,32.3,76,27.8,34.8,51,24.0,31.6,53,26.8,33.7,32,22.9,30.0,50,30.2,36.7,66,28.1,32.6,79,28.2,35.8,28,27.1,35.2,37,29.5,34.6,73
2020-04-06,27.3,30.1,81,30.4,38.7,28,28.6,36.2,33,29.4,32.8,78,27.4,33.8,59,26.2,33.4,46,28.2,35.9,29,24.1,31.1,41,31.0,38.2,52,28.2,32.0,81,29.4,35.5,32,28.9,36.6,32,30.0,37.4,67
2020-04-07,26.5,30.0,82,31.0,38.0,30,28.5,36.9,32,29.3,32.4,77,25.3,32.0,70,25.0,32.8,46,28.8,35.5,27,24.1,31.9,39,30.9,39.5,55,27.8,31.3,82,29.4,36.3,30,29.7,37.8,30,29.8,37.6,72
2020-04-08,27.1,30.1,78,30.3,37.8,40,28.4,36.5,35,29.6,33.2,77,26.2,32.1,61,24.9,31.5,46,27.8,35.2,30,23.4,29.4,39,31.0,38.3,53,28.0,31.5,81,30.0,36.5,24,28.7,37.7,35,29.7,35.4,70
2020-04-09,26.9,30.8,77,30.6,37.8,39,27.3,35.3,36,29.3,32.1,78,25.4,31.0,67,24.4,31.5,46,27.5,34.8,26,24.0,31.6,42,30.3,37.7,57,28.5,33.3,78,28.7,35.8,29,28.1,36.4,42,28.9,35.9,73
2020-04-10,27.6,31.1,77,31.7,39.1,30,26.9,34.8,39,29.0,32.6,74,25.8,32.0,61,25.7,34.0,47,28.9,36.6,23,25.6,33.6,36,30.0,37.7,68,28.4,31.9,80,29.0,35.8,27,29.5,37.0,40,29.5,36.3,74
2020-04-11,28.8,32.5,72,33.1,40.9,23,29.3,36.9,36,29.0,32.1,73,26.3,33.2,58,27.7,35.1,42,30.7,38.1,23,26.2,33.8,39,29.5,35.4,72,28.2,31.6,81,29.6,37.1,28,28.6,36.2,49,29.7,36.7,72
2020-04-12,28.9,32.0,77,34.1,41.5,18,29.0,36.8,36,28.3,32.3,76,26.5,33.5,48,28.0,34.9,42,30.8,37.5,26,27.0,33.8,40,29.2,34.9,72,28.5,32.7,75,30.9,38.0,27,29.2,36.3,54,30.0,37.8,71
2020-04-13,28.6,31.8,82,34.0,41.5,19,29.8,37.9,36,28.2,32.3,77,27.1,34.6,37,29.3,37.0,41,32.1,39.1,24,28.3,35.1,42,30.1,36.6,74,28.6,32.8,76,31.4,38.1,25,30.4,36.7,55,30.6,38.6,67
2020-04-14,29.3,33.4,76,34.4,41.3,22,29.7,37.3,49,28.2,32.4,75,27.1,34.7,34,30.1,37.9,41,32.5,38.2,23,28.0,34.8,46,29.5,37.1,76,29.2,34.1,74,32.5,38.4,25,30.5,36.2,55,30.2,37.5,67
2020-04-15,29.3,32.9,78,33.9,40.5,24,29.9,37.2,48,28.7,32.4,73,27.0,35.0,40,30.4,37.6,38,32.8,38.9,20,29.3,35.1,35,28.2,35.4,81,28.2,31.7,80,31.9,37.9,28,28.7,35.1,64,30.7,37.5,67
2020-04-16,28.9,31.2,82,33.1,41.1,28,29.8,36.7,53,28.9,32.8,77,27.5,34.8,46,30.3,37.8,36,33.0,38.2,23,28.8,35.9,36,28.1,35.0,78,28.2,31.4,81,32.5,39.5,23,28.7,35.2,65,30.1,36.9,65
2020-04-17,28.9,31.2,78,33.3,40.2,31,30.6,37.4,47,29.6,33.2,75,28.2,35.1,44,29.6,34.7,34,31.7,36.5,22,28.0,33.0,33,30.3,36.4,71,28.7,33.0,77,32.6,38.4,24,27.7,34.5,68,30.2,36.5,71
2020-04-18,29.2,32.2,78,34.0,40.3,26,30.3,37.9,45,29.5,32.8,75,28.1,34.9,51,29.0,35.5,38,31.5,37.0,20,26.3,31.9,41,29.5,35.6,80,28.8,32.8,78,32.0,37.5,27,28.8,34.8,64,29.7,35.3,76
2020-04-19,30.1,33.4,71,33.3,39.2,31,30.1,36.3,44,29.7,32.8,75,27.9,34.9,51,27.9,33.9,43,30.1,35.9,28,25.9,32.6,41,29.7,35.9,75,28.6,32.4,80,31.9,37.8,23,29.5,36.0,61,29.8,36.1,75
2020-04-20,31.0,35.9,59,33.1,39.2,31,29.1,35.8,43,29.6,33.0,75,27.4,33.9,51,26.8,33.9,45,27.1,31.5,37,23.6,31.3,51,29.4,33.2,79,28.6,32.3,79,31.0,37.2,24,28.1,34.3,67,29.8,36.1,77
2020-04-21,28.7,32.7,74,33.0,39.6,35,27.3,33.9,53,29.5,32.8,74,27.4,34.8,47,26.1,32.2,51,28.1,33.7,37,23.9,30.1,48,27.8,33.8,79,28.1,32.6,83,29.7,35.9,34,25.0,28.1,75,29.4,35.0,76
2020-04-22,28.6,31.5,81,34.0,40.8,33,27.7,34.3,50,29.6,33.4,76,28.0,34.3,48,27.5,34.1,41,29.8,36.3,27,25.2,31.8,42,25.9,28.4,84,27.6,31.5,85,30.4,37.5,30,26.4,32.4,64,28.7,33.6,74
2020-04-23,29.3,32.2,77,34.4,41.0,32,27.8,33.9,47,29.8,33.5,76,28.7,35.0,50,28.9,35.5,38,29.2,33.7,34,26.8,33.5,37,26.7,30.7,85,27.4,32.0,86,30.9,37.5,31,27.4,33.3,68,29.3,35.5,79
2020-04-24,29.0,32.3,80,33.4,39.8,34,29.3,35.5,44,30.1,33.6,75,27.5,32.6,57,28.9,35.4,41,30.1,36.1,35,27.2,33.8,40,25.1,28.4,91,27.3,30.9,87,31.4,37.7,34,27.1,30.6,68,29.3,34.3,79
2020-04-25,29.1,31.8,74,31.8,38.9,42,27.3,33.1,64,30.6,34.6,76,26.4,32.1,68,28.5,33.7,43,29.2,34.6,38,27.0,34.5,45,26.8,32.1,82,28.3,31.8,82,31.8,37.7,25,26.0,30.2,73,27.8,32.3,84
2020-04-26,28.4,31.8,79,32.3,39.8,42,26.4,31.7,69,30.0,33.6,76,26.5,32.2,64,26.9,31.8,58,28.1,33.6,44,25.0,31.0,57,25.3,29.5,90,27.9,31.8,82,31.2,36.6,30,25.0,28.9,77,27.4,30.0,86
2020-04-27,28.7,31.6,76,32.2,39.4,41,26.1,30.7,69,30.1,32.9,76,26.6,31.5,65,25.4,30.4,69,27.9,34.6,50,23.7,27.3,64,25.5,29.5,88,28.6,32.5,80,28.8,34.5,44,25.2,28.8,78,26.3,30.4,84
2020-04-28,29.3,33.0,75,33.6,40.7,34,26.3,30.6,70,30.0,32.8,75,26.6,32.9,64,26.4,32.3,64,28.4,35.9,50,25.2,31.2,55,25.1,28.0,89,28.5,33.5,84,30.0,36.5,39,25.6,29.4,78,27.2,30.9,81
2020-04-29,29.7,32.8,78,35.1,41.7,26,27.2,31.9,67,29.8,34.2,74,23.6,27.2,77,28.6,34.7,55,29.5,37.4,46,26.4,32.5,52,25.9,29.9,86,27.8,31.8,84,31.3,37.9,34,26.2,30.2,75,27.9,33.6,82
2020-04-30,29.8,32.0,77,36.0,42.2,23,28.9,34.0,57,29.9,33.1,78,26.3,31.9,57,29.4,36.1,51,31.6,38.3,31,27.0,32.3,55,26.4,29.8,87,28.1,31.2,86,31.6,38.2,35,27.9,31.8,70,28.4,32.8,83
2020-05-01,29.7,31.9,77,36.1,42.2,25,27.2,33.4,67,30.3,34.0,76,27.2,32.8,54,30.5,38.4,54,33.1,40.7,23,29.2,36.5,44,26.2,30.2,87,28.3,31.1,84,32.5,39.5,29,26.3,30.1,79,29.0,33.5,82
2020-05-02,29.7,32.4,78,34.6,42.2,32,27.6,33.5,64,30.4,33.7,78,27.8,33.1,52,29.3,36.6,57,33.8,40.6,20,28.3,34.4,55,26.4,31.1,82,28.7,32.3,83,34.2,40.6,20,25.2,28.3,83,29.0,33.8,81
2020-05-03,29.6,32.3,79,34.3,42.0,39,29.1,35.0,58,30.3,33.8,78,28.0,33.4,52,27.7,34.7,64,29.7,37.3,49,27.2,33.4,57,26.9,30.8,82,28.3,31.8,85,34.3,40.1,22,27.1,31.8,73,29.9,34.9,80
2020-05-04,29.2,32.1,81,34.6,41.9,42,28.7,32.6,64,29.9,33.5,76,28.1,33.7,50,27.2,32.9,66,28.7,36.3,54,26.1,31.9,62,27.2,31.8,87,28.6,32.4,84,33.2,39.6,36,28.7,33.8,68,29.8,33.9,80
2020-05-05,29.6,32.5,79,35.0,41.9,39,26.6,31.0,71,30.1,33.6,77,28.2,34.2,48,28.8,34.4,50,30.2,36.3,40,27.2,32.9,45,28.7,32.2,83,28.6,32.7,84,32.0,37.6,38,26.7,29.9,81,29.6,34.0,79
2020-05-06,29.8,33.4,80,34.8,42.1,38,27.6,33.4,63,30.2,33.4,74,28.4,34.8,48,28.6,35.2,45,29.8,35.9,33,25.9,32.0,48,27.4,31.8,82,27.4,31.2,88,31.6,38.0,32,26.5,31.1,76,29.7,35.0,78
2020-05-07,28.9,32.0,82,34.2,42.2,31,27.3,33.4,65,30.3,33.8,77,28.0,34.3,55,28.6,35.8,44,30.1,38.2,36,26.7,33.8,41,28.1,32.7,84,27.4,30.3,89,31.8,38.6,32,25.7,31.0,83,29.8,34.9,78
2020-05-08,29.2,32.0,78,34.5,42.6,38,28.9,35.8,60,30.4,33.9,76,27.7,33.8,59,30.7,38.1,40,32.2,39.5,31,27.8,35.3,37,28.4,33.7,81,26.9,28.9,90,33.4,40.2,26,27.3,32.1,75,30.0,35.7,78
2020-05-09,29.5,32.1,75,34.4,41.9,40,29.1,36.0,62,30.5,33.8,76,28.5,34.8,54,31.6,39.5,41,33.0,40.5,25,28.1,35.2,43,29.4,34.7,82,27.0,30.4,89,34.4,40.2,23,28.5,33.8,70,30.2,36.8,76
2020-05-10,29.5,32.7,79,34.4,41.6,38,27.8,36.1,70,30.2,33.5,76,28.3,35.2,51,29.6,36.3,54,32.2,39.4,29,28.3,34.7,46,29.5,34.6,83,27.3,31.1,88,33.3,39.6,27,29.0,33.4,70,30.0,36.1,78
2020-05-11,29.7,33.4,76,33.7,40.5,41,27.1,33.5,71,30.3,33.4,75,27.9,34.0,49,29.1,35.8,57,30.9,37.3,40,28.6,33.9,46,29.1,33.8,81,27.3,30.3,87,31.8,38.1,36,27.9,32.0,75,29.6,35.3,78
2020-05-12,29.1,32.4,77,33.9,40.8,44,27.7,33.6,71,29.3,31.2,80,27.6,35.0,55,29.4,35.5,55,31.2,37.1,39,28.1,34.5,48,29.6,34.3,78,27.2,30.4,90,32.5,38.8,34,28.1,31.1,75,29.8,35.8,75
2020-05-13,29.5,32.6,79,34.9,41.4,40,29.0,34.3,69,30.0,33.3,76,27.4,34.4,58,29.7,35.5,55,31.2,35.9,39,28.1,33.6,49,29.6,34.2,78,26.9,29.3,90,33.6,39.2,32,29.9,33.5,71,29.7,35.4,72
2020-05-14,30.0,32.7,78,34.8,41.2,36,29.6,35.2,66,30.2,33.3,75,28.7,35.1,49,30.5,36.8,53,32.0,38.9,39,28.0,34.5,51,29.9,34.1,78,27.3,31.8,87,33.7,39.0,33,30.9,35.8,67,30.1,35.8,74
2020-05-15,30.2,32.9,75,35.2,41.0,33,30.8,36.7,56,30.4,33.9,75,28.8,35.1,51,31.4,38.2,41,31.8,38.2,36,29.7,35.7,38,30.1,34.4,77,26.9,30.2,88,33.6,40.1,34,30.4,34.7,67,30.3,35.9,74
2020-05-16,30.2,32.2,76,35.3,41.3,33,30.3,37.2,47,30.9,35.5,72,28.4,35.2,53,31.5,38.1,33,32.3,37.6,28,30.0,36.6,38,30.6,35.3,77,26.5,28.9,90,33.4,38.6,35,32.0,38.0,59,31.2,37.3,71
2020-05-17,30.1,32.6,76,34.9,41.4,32,30.5,38.1,45,30.7,34.9,74,27.5,34.1,63,31.8,38.7,32,32.9,39.1,23,30.7,37.3,30,30.9,36.3,76,27.0,28.7,90,34.3,40.6,27,31.2,38.5,58,30.6,37.0,72
2020-05-18,30.2,32.5,73,34.6,40.6,33,30.6,38.5,47,32.1,38.7,65,26.3,31.7,72,31.4,38.7,30,33.1,38.8,18,31.1,37.6,22,30.1,35.1,74,25.3,26.4,94,34.1,40.0,22,32.0,38.0,61,30.0,36.0,74
2020-05-19,29.9,32.2,73,34.5,41.5,35,30.8,38.5,40,34.1,42.0,54,26.3,31.7,67,32.1,38.6,22,33.4,40.0,14,29.8,37.1,23,28.4,32.4,83,26.6,29.6,89,32.8,39.5,28,31.8,37.0,63,28.1,30.9,83
2020-05-20,29.8,32.1,71,35.9,43.5,27,29.9,38.2,52,34.1,41.6,54,26.7,33.2,61,30.8,37.7,26,32.7,39.2,15,30.0,37.5,25,25.4,28.2,91,26.9,29.4,89,33.9,40.6,15,28.7,31.1,68,24.0,25.9,80
2020-05-21,29.7,32.0,73,35.9,43.3,24,30.5,38.4,43,32.9,38.9,58,27.3,33.8,59,32.2,40.2,26,33.7,41.2,17,31.7,38.6,25,25.7,29.3,81,25.5,26.7,94,33.3,41.1,16,27.4,31.1,71,29.3,36.3,68
2020-05-22,29.9,32.3,73,35.6,43.2,24,31.2,38.8,45,32.3,38.2,66,28.0,33.7,58,34.0,42.1,26,35.2,42.2,16,33.2,40.7,25,28.2,33.1,80,26.6,29.3,90,35.1,42.2,18,29.5,35.2,66,29.8,34.1,85
2020-05-23,29.5,32.7,79,34.9,42.6,35,32.3,38.4,57,31.3,35.4,75,29.1,36.2,53,34.6,41.7,28,36.5,42.1,22,32.5,39.5,28,29.5,33.1,82,27.6,29.9,88,36.3,42.3,19,30.1,35.9,70,30.0,33.8,82
2020-05-24,30.1,32.4,76,35.3,42.9,37,33.5,42.0,49,30.9,34.3,78,27.9,33.3,61,35.6,42.3,25,36.5,42.5,19,33.7,41.0,26,29.7,33.0,81,27.8,30.7,86,36.5,42.5,17,32.6,38.3,67,30.0,33.8,80
2020-05-25,30.0,32.3,77,35.2,42.7,40,34.5,42.9,33,30.7,34.1,77,28.2,33.7,59,35.7,43.2,22,37.2,42.5,19,34.6,40.9,23,29.8,32.8,81,27.6,29.6,89,36.7,42.4,19,34.1,41.1,62,30.1,33.8,79
2020-05-26,30.0,32.3,77,34.9,43.1,42,34.5,41.8,27,30.7,33.9,77,27.5,33.3,63,36.9,44.2,19,37.6,43.0,21,34.9,41.6,24,29.5,31.5,81,27.6,30.7,86,36.3,42.4,18,34.1,40.5,61,29.9,33.3,77
2020-05-27,30.0,32.4,74,34.7,43.4,44,33.9,40.7,38,31.2,34.7,77,26.3,32.5,77,36.5,43.7,21,37.5,43.2,24,34.2,41.0,25,29.1,32.2,81,27.2,29.9,89,36.3,42.6,24,30.0,34.1,68,30.0,33.3,76
2020-05-28,30.4,32.5,71,35.0,43.2,41,31.2,36.1,54,31.7,35.5,75,26.6,32.5,73,33.0,38.2,41,36.2,41.3,26,33.5,38.8,34,28.4,32.1,85,26.5,28.9,91,35.6,41.5,28,28.0,31.8,69,29.9,32.9,80
2020-05-29,30.5,32.8,73,34.1,42.3,50,30.4,35.1,57,31.7,35.8,68,25.7,32.8,78,30.1,35.1,58,33.4,40.3,40,29.9,32.9,50,27.9,30.6,87,26.2,29.1,91,34.7,39.8,32,29.3,33.9,67,29.6,33.2,82
2020-05-30,30.2,32.9,76,33.6,40.1,51,29.0,33.9,65,31.0,33.5,75,25.0,29.3,81,28.2,32.7,61,28.5,34.5,64,27.7,33.0,57,28.8,32.6,85,26.6,29.1,89,34.0,39.1,34,29.7,34.7,67,30.1,34.6,79
2020-05-31,30.7,34.2,73,34.3,40.7,47,28.0,32.8,71,30.8,33.9,74,25.4,31.0,78,26.8,32.6,69,28.6,34.4,61,25.5,31.2,68,28.8,32.0,85,26.9,29.2,90,33.3,38.0,35,29.4,32.8,73,29.9,33.6,80
2020-06-01,28.8,30.4,80,34.4,39.4,47,28.7,33.1,69,31.1,35.0,73,24.6,30.2,80,27.8,33.3,67,28.5,35.0,59,26.3,32.2,63,29.3,32.6,83,26.3,28.7,91,32.4,36.9,40,30.5,34.2,69,29.3,33.0,83
2020-06-02,28.0,29.9,81,33.6,39.8,48,29.9,35.1,61,30.9,34.6,71,23.7,26.7,80,29.0,34.4,62,29.7,36.0,49,27.7,33.9,53,29.1,33.3,84,26.2,28.4,89,29.0,32.1,57,31.2,35.4,63,29.1,34.0,82
2020-06-03,26.9,29.1,85,33.4,37.5,45,30.5,35.0,60,31.3,35.8,64,24.0,28.5,76,29.9,35.8,58,30.0,37.4,45,28.5,35.6,53,29.0,32.6,85,26.7,28.6,90,26.9,29.6,64,31.2,35.5,60,29.4,34.4,80
2020-06-04,27.9,29.2,83,32.5,37.8,50,26.4,28.6,81,31.6,35.8,66,24.2,28.8,77,29.6,34.4,57,29.5,32.7,49,29.2,36.5,48,29.6,33.0,84,26.6,29.6,90,23.1,24.2,92,29.0,33.3,68,30.0,34.1,79
2020-06-05,27.7,30.0,85,31.5,37.0,66,24.4,26.4,88,31.9,36.3,64,23.9,28.8,81,29.0,34.4,60,29.4,35.1,54,27.6,33.8,58,29.5,31.8,85,26.2,28.2,91,25.6,30.8,74,26.7,29.5,88,30.5,34.4,79
2020-06-06,27.3,29.0,87,30.7,34.7,70,26.5,32.2,74,31.3,36.5,65,23.8,28.7,80,29.5,34.4,58,30.4,35.2,50,27.7,33.0,58,30.0,33.2,83,25.4,26.9,93,27.5,32.1,71,28.0,32.7,76,30.9,35.5,75
2020-06-07,27.3,29.1,86,29.9,34.7,73,28.8,33.9,68,31.9,36.8,59,23.5,27.8,79,30.6,36.2,59,30.8,35.7,50,28.4,33.2,58,29.5,33.2,86,25.4,27.1,93,27.9,31.4,68,29.3,33.5,74,30.4,34.4,76
2020-06-08,27.2,28.5,86,29.0,34.8,78,30.3,34.8,67,32.0,37.1,58,24.8,29.4,67,30.8,35.5,60,31.2,36.5,51,30.0,36.2,55,29.5,32.7,86,26.5,29.1,86,28.6,33.3,65,30.3,34.5,74,30.2,33.6,81
2020-06-09,27.6,28.9,88,29.8,34.6,76,31.9,36.5,58,31.4,36.9,65,24.9,30.1,71,33.0,37.9,51,33.8,39.7,40,31.5,38.0,51,29.8,33.4,85,26.7,28.9,88,29.8,35.0,61,31.5,34.9,71,29.9,34.4,82
2020-06-10,27.8,29.5,88,31.3,35.3,69,32.6,37.0,64,30.8,33.6,64,23.7,27.8,78,33.7,38.4,52,34.7,40.2,37,32.2,38.3,50,29.1,31.8,85,26.4,28.4,89,30.7,35.7,61,32.5,36.0,68,29.1,33.9,86
2020-06-11,27.6,28.7,88,31.3,35.7,68,32.6,36.4,64,30.0,34.9,65,22.7,27.7,84,33.5,37.6,53,33.7,38.5,45,32.2,38.2,51,28.0,30.5,89,25.7,27.6,92,30.6,35.2,63,32.3,35.6,66,27.6,31.7,89
2020-06-12,27.7,29.0,87,32.7,37.5,64,33.0,36.3,62,31.4,36.3,56,22.6,26.1,80,33.8,38.5,52,34.8,39.3,39,32.8,38.3,48,27.7,29.8,90,26.5,28.7,88,31.4,36.2,56,31.0,34.6,72,28.0,30.9,88
2020-06-13,27.4,28.5,88,31.0,34.8,72,32.8,36.8,62,31.2,36.1,59,23.6,29.3,78,33.6,38.5,55,34.1,38.9,43,32.5,37.7,51,28.3,31.1,88,26.4,28.7,90,30.6,35.5,64,29.8,33.0,75,28.4,31.4,87
2020-06-14,27.9,29.6,87,29.7,35.4,80,32.3,35.4,63,31.6,36.9,64,24.0,28.7,78,33.6,38.5,56,33.5,37.3,50,32.9,38.5,48,28.2,31.3,88,26.8,30.5,86,29.3,34.4,73,29.1,33.3,80,28.1,30.6,91
2020-06-15,27.6,29.4,89,30.9,36.0,75,31.6,35.9,67,32.4,38.4,57,24.8,29.3,72,34.3,40.1,47,34.8,41.0,40,33.4,39.9,41,28.0,31.6,90,27.3,30.0,86,28.9,33.3,75,28.2,31.6,87,28.4,30.1,90
2020-06-16,27.3,28.4,88,31.4,37.1,72,30.9,35.7,68,31.9,37.1,65,24.3,29.2,76,33.8,39.2,48,35.4,43.3,33,33.0,38.7,42,27.7,31.2,90,26.8,28.9,89,29.7,36.6,72,27.9,29.8,89,28.5,30.6,88
2020-06-17,27.0,28.5,89,30.7,34.3,73,28.0,31.3,85,31.7,36.9,64,23.4,26.8,80,33.9,39.9,52,35.6,42.5,34,33.0,38.0,52,27.5,29.1,92,26.5,28.9,90,29.3,34.4,74,28.3,32.0,86,28.7,30.2,85
2020-06-18,27.1,28.2,89,30.8,35.9,72,28.5,32.7,86,32.0,36.7,61,23.9,28.3,75,34.6,41.2,50,36.1,41.7,32,34.0,39.9,49,29.0,32.4,85,26.8,29.6,88,29.2,34.5,69,27.9,30.9,87,29.0,31.7,83
2020-06-19,27.7,28.8,89,31.2,36.8,70,29.0,32.7,78,31.9,37.2,60,24.3,30.1,76,34.9,40.3,53,36.6,41.7,36,33.3,39.0,52,28.8,30.9,88,26.2,28.0,89,28.9,33.6,69,27.5,31.7,90,29.8,33.9,80
2020-06-20,27.8,29.0,89,31.4,36.0,67,28.3,32.3,81,31.5,37.0,63,24.5,30.4,75,33.7,39.2,54,35.0,39.7,41,33.1,38.3,54,28.2,31.8,89,26.7,29.0,88,28.4,33.3,72,28.6,31.1,86,28.4,31.1,86
2020-06-21,27.2,28.4,90,30.9,35.9,70,27.3,30.2,86,31.0,36.7,65,23.7,28.0,79,33.4,38.6,54,33.3,38.9,46,31.7,36.7,57,27.9,32.2,89,25.8,28.0,91,29.4,34.4,66,28.6,31.4,83,28.0,31.2,88
2020-06-22,27.4,28.6,88,30.5,33.9,71,27.6,30.6,86,30.4,36.3,69,23.3,28.9,80,31.9,36.5,61,31.4,36.3,58,30.5,35.0,64,28.4,31.4,86,25.7,28.5,89,28.3,32.2,74,28.5,32.5,86,29.4,32.5,81
2020-06-23,27.4,29.1,86,30.0,33.2,72,28.0,30.7,85,29.2,33.5,77,24.7,29.7,70,31.5,35.1,64,32.2,37.8,57,31.7,35.8,58,29.1,32.2,85,26.7,30.7,84,25.7,27.9,89,29.3,32.4,82,29.6,33.1,82
2020-06-24,27.8,29.3,85,30.9,35.1,71,28.5,31.9,86,28.9,32.6,79,24.0,29.3,78,30.3,33.1,72,31.1,35.4,63,30.7,35.0,66,29.8,32.8,81,26.6,29.2,87,26.7,29.9,85,29.7,32.5,81,29.5,32.8,81
2020-06-25,28.2,29.8,85,30.8,34.1,73,27.5,31.7,90,28.4,30.8,80,23.7,29.0,83,31.9,37.1,66,32.4,38.3,58,30.1,34.1,67,30.0,33.3,79,25.8,28.9,89,27.6,30.9,81,28.5,32.4,89,29.4,32.9,79
2020-06-26,28.1,29.4,86,32.0,36.3,67,29.4,34.1,81,28.6,31.3,80,23.5,27.4,85,32.4,36.4,65,32.2,38.0,60,30.4,35.5,65,30.0,33.2,80,25.4,26.9,92,28.4,31.4,78,27.8,30.7,89,29.6,33.0,79
2020-06-27,28.4,29.8,85,33.0,39.0,59,29.5,33.8,81,29.8,32.8,79,23.6,27.2,83,33.7,38.3,57,34.1,38.6,48,32.1,37.3,57,28.9,31.1,86,25.4,27.6,88,27.6,31.3,80,28.4,32.0,86,29.5,32.7,79
2020-06-28,28.2,30.2,85,33.6,39.0,57,30.2,36.3,80,29.5,32.4,80,23.5,27.8,85,35.0,38.9,51,34.8,39.1,43,32.9,37.8,58,29.0,32.5,87,25.9,28.5,90,28.1,31.7,78,27.4,30.0,91,28.8,32.5,85
2020-06-29,27.4,28.2,88,33.0,38.2,62,27.6,31.5,84,29.0,31.4,81,23.4,28.0,85,34.4,39.7,54,35.4,40.1,41,31.4,35.2,65,27.8,30.4,91,25.9,27.3,89,28.8,32.7,75,27.1,29.5,91,28.5,31.1,87
2020-06-30,27.4,28.4,88,31.6,36.8,67,28.6,31.7,81,28.4,31.7,83,23.3,27.8,84,32.2,36.4,63,34.8,41.1,44,30.9,35.2,63,28.6,31.2,87,26.3,28.7,88,29.0,32.1,76,28.8,32.0,87,29.3,33.2,83
2020-07-01,27.2,28.5,89,31.7,36.9,65,29.6,32.4,81,29.0,32.8,83,23.3,27.1,82,33.4,38.2,59,34.8,40.8,47,31.2,34.4,65,29.9,33.1,81,26.2,28.4,90,29.0,33.3,74,30.3,33.3,83,29.2,32.6,81
2020-07-02,27.3,29.2,88,32.1,38.1,63,31.0,34.4,78,28.8,31.1,79,22.1,26.0,88,35.1,40.6,53,35.2,40.8,45,31.7,36.1,65,30.4,33.6,80,26.3,29.1,87,27.8,31.7,80,30.3,34.4,83,29.7,33.8,83
2020-07-03,27.3,29.1,89,32.3,38.0,64,30.1,33.1,82,28.8,32.7,76,22.6,26.7,86,35.0,41.2,56,36.1,42.1,43,32.6,37.8,62,30.0,33.4,82,25.4,27.6,90,27.5,31.4,81,28.7,30.7,89,29.3,32.4,86
2020-07-04,27.0,27.7,91,31.6,36.3,70,28.3,31.9,86,28.5,31.7,76,22.5,26.5,86,33.1,37.7,64,34.5,39.8,47,30.9,35.2,68,28.7,32.0,88,25.8,28.3,90,27.9,32.2,81,28.8,32.0,87,28.2,31.8,88
2020-07-05,27.2,28.4,90,29.6,34.9,77,28.8,32.4,84,29.0,32.4,77,22.7,26.6,85,29.9,34.6,70,32.4,37.8,56,28.3,33.3,72,28.0,31.2,89,26.6,28.9,87,26.2,29.2,89,29.6,32.7,83,27.2,28.6,91
2020-07-06,27.5,29.0,87,27.4,29.8,89,28.2,31.9,88,29.4,33.5,76,22.6,26.6,86,30.6,34.7,70,31.4,36.8,62,30.3,35.4,63,28.0,31.4,90,25.7,27.5,91,25.5,29.1,89,27.9,30.3,89,27.7,31.4,88
2020-07-07,27.3,28.1,90,28.7,31.7,79,26.8,29.3,92,29.7,34.6,75,23.0,27.4,83,29.3,32.9,74,30.1,36.6,72,30.1,34.0,66,28.7,32.2,86,26.5,29.5,87,26.5,30.0,84,28.1,31.6,89,28.5,32.0,83
2020-07-08,27.1,28.3,90,28.7,31.3,84,28.4,33.1,87,28.6,31.9,83,22.7,26.8,84,28.8,32.8,82,29.3,32.9,78,27.1,30.1,87,28.9,32.0,88,26.7,28.8,84,27.7,31.5,77,28.8,32.3,86,29.3,32.7,85
2020-07-09,27.1,27.9,90,29.7,34.0,77,29.0,31.6,87,28.1,31.3,82,22.0,26.0,87,30.2,33.6,78,30.4,33.6,68,28.7,32.2,80,29.3,32.7,86,26.2,28.5,86,27.9,31.3,77,28.1,31.7,90,28.8,32.3,85
2020-07-10,27.1,28.3,90,29.5,33.9,77,28.7,32.0,85,28.2,32.3,80,21.4,24.8,90,32.7,37.8,63,31.9,36.0,56,30.3,34.1,72,30.0,32.5,81,26.3,29.9,84,27.8,31.2,75,28.4,32.7,89,28.8,32.1,86
2020-07-11,26.9,28.0,90,28.8,33.4,81,29.9,34.5,80,27.8,30.1,82,22.9,27.3,83,31.9,36.4,64,32.1,36.4,57,28.9,32.7,76,28.7,30.1,88,26.1,28.6,87,27.7,31.3,75,27.9,30.0,88,28.9,31.8,86
2020-07-12,26.8,28.0,90,28.2,31.7,84,30.7,34.5,77,29.2,33.6,80,23.1,27.1,86,31.7,35.5,66,29.5,32.7,73,27.6,32.5,81,29.0,31.5,88,25.9,28.0,88,26.7,29.7,83,29.1,32.3,85,28.9,31.5,86
2020-07-13,26.7,27.9,91,28.8,32.7,80,30.8,34.7,77,28.4,32.0,82,22.7,26.8,84,31.9,36.2,65,28.7,32.3,78,28.8,33.2,75,28.8,31.4,88,26.3,29.1,87,26.9,30.0,83,28.9,32.2,88,28.6,31.4,85
2020-07-14,26.8,28.2,90,28.7,32.4,83,29.9,32.9,81,28.9,31.8,78,22.2,26.9,89,33.2,38.6,60,31.4,36.3,64,29.7,33.8,75,27.8,31.3,90,26.7,30.1,85,26.8,29.8,84,28.7,32.6,88,27.5,30.0,90
2020-07-15,26.5,27.4,92,29.3,32.5,83,29.1,32.7,81,28.8,32.5,79,21.9,25.9,91,31.9,36.4,68,32.3,36.3,61,29.1,31.8,75,28.0,30.4,88,26.2,28.2,88,27.0,31.8,87,29.2,32.3,84,27.5,30.2,88
2020-07-16,26.5,27.7,91,28.7,32.5,87,29.1,32.2,85,28.3,31.8,79,21.6,25.2,91,30.7,33.6,73,31.0,35.5,70,29.2,32.1,74,29.0,32.0,82,25.1,27.3,92,26.8,30.3,86,30.0,32.9,78,28.2,30.8,83
2020-07-17,26.7,28.1,90,28.8,33.2,83,30.4,33.7,79,29.0,32.7,77,21.4,23.6,91,31.1,34.9,74,31.3,35.4,68,30.1,33.1,73,29.0,32.1,83,24.6,27.0,93,27.0,31.1,85,30.5,33.5,75,28.4,31.0,84
2020-07-18,26.9,28.0,90,29.1,32.7,78,30.5,33.8,80,28.8,32.0,77,22.4,27.1,88,31.6,35.8,74,32.8,37.1,59,29.9,33.0,76,29.3,32.0,83,26.4,29.9,86,27.9,31.8,78,29.7,31.8,85,29.0,31.3,83
2020-07-19,27.2,28.7,89,29.8,33.6,76,29.8,33.0,85,28.3,30.5,83,22.8,27.0,88,30.5,34.6,80,31.3,35.9,68,29.8,33.8,77,29.7,32.7,82,26.4,30.2,84,28.0,31.4,80,28.6,31.0,91,29.2,32.1,83
2020-07-20,27.2,28.1,89,30.0,34.2,72,29.1,32.3,83,28.4,30.6,83,23.0,27.7,86,29.3,33.3,79,31.2,35.9,62,28.8,33.0,78,29.5,31.5,82,25.7,28.1,89,27.1,30.1,83,27.7,30.2,91,29.3,32.0,81
2020-07-21,27.2,28.5,88,29.9,33.4,71,28.9,32.6,82,28.9,30.7,81,23.9,28.4,80,28.2,32.4,82,30.6,34.9,60,25.3,26.5,89,28.5,31.3,88,26.2,29.2,81,27.1,31.1,83,26.9,28.9,92,29.3,32.2,83
2020-07-22,27.7,29.1,87,30.6,34.8,70,28.9,33.7,86,28.8,31.4,80,24.7,29.2,77,27.2,30.3,86,27.7,31.2,77,26.0,29.4,83,27.4,29.3,92,26.0,28.5,90,28.0,32.0,74,28.4,32.5,88,28.7,31.8,86
2020-07-23,27.4,28.7,88,30.5,34.3,72,28.7,32.1,82,28.7,31.8,79,23.4,28.1,84,28.5,32.8,79,29.2,33.8,73,27.8,32.0,78,27.5,30.4,90,25.7,27.8,90,27.3,30.9,79,27.0,28.6,93,26.9,28.4,91
2020-07-24,26.9,27.8,89,29.6,33.3,77,28.4,31.6,85,28.2,31.7,83,22.7,26.0,85,28.8,32.4,78,28.4,32.7,77,28.9,31.6,71,27.0,29.6,90,25.3,27.1,92,27.0,30.2,84,27.2,30.1,90,27.7,30.6,85
2020-07-25,27.2,28.4,87,28.7,32.5,82,28.7,31.7,83,28.4,31.9,83,22.8,27.6,85,28.8,32.3,82,28.5,33.2,77,28.8,31.5,75,28.8,32.1,83,25.9,28.5,90,26.5,29.6,86,28.4,31.5,87,28.8,32.6,82
2020-07-26,27.1,28.5,86,29.0,33.0,79,30.0,33.7,82,28.3,32.1,78,22.4,27.0,83,29.9,34.1,80,29.5,35.0,74,29.6,33.1,72,30.0,33.2,84,25.8,27.6,89,27.2,31.0,84,29.8,32.7,84,29.7,33.9,82
2020-07-27,26.7,28.4,89,30.1,34.3,74,30.5,33.7,80,29.0,32.6,79,22.7,27.4,82,31.0,34.3,75,31.0,35.0,66,30.4,34.0,72,29.6,34.6,87,26.6,29.6,86,27.8,31.4,79,29.7,32.3,85,29.9,34.2,83
2020-07-28,27.2,28.4,87,30.4,35.1,70,28.6,31.8,89,28.7,33.3,78,22.7,27.9,85,31.8,35.5,67,31.8,35.7,59,31.0,34.9,67,28.6,31.5,89,26.0,28.2,89,28.0,30.7,77,28.7,31.5,89,29.3,32.9,85
2020-07-29,27.0,28.5,89,30.2,34.1,74,26.9,28.6,92,27.3,31.2,87,22.1,25.9,90,30.5,33.9,72,30.3,36.7,70,29.3,34.0,77,29.2,32.1,83,24.7,26.1,93,26.3,28.7,88,28.0,30.8,89,29.1,32.7,82
2020-07-30,26.7,28.0,91,27.9,31.2,89,27.4,30.1,90,28.5,32.4,82,22.9,26.8,87,28.9,31.9,79,27.9,32.3,86,26.9,30.8,85,29.3,32.9,83,25.2,27.3,91,27.2,30.7,83,28.5,30.4,90,28.9,32.3,83
2020-07-31,27.3,28.8,88,29.0,32.4,83,28.4,31.4,88,28.6,32.2,83,22.7,27.6,87,29.2,33.1,84,28.6,32.1,81,28.4,31.9,80,29.0,32.6,86,25.4,27.1,91,28.0,31.7,81,28.4,31.5,91,28.9,32.6,84
2020-08-01,27.6,29.0,87,30.0,34.2,76,28.2,31.5,90,28.7,32.6,80,22.1,25.5,87,29.4,32.8,84,28.5,32.8,82,28.4,32.0,82,29.8,33.4,85,25.6,28.1,89,27.9,32.0,82,28.8,31.5,89,29.3,33.2,86
2020-08-02,27.7,29.5,85,30.5,34.5,72,29.2,33.0,86,29.0,32.7,77,21.4,23.7,91,31.1,35.2,75,30.5,35.1,71,28.8,32.4,81,29.8,33.2,86,25.1,27.5,92,27.7,32.0,85,29.6,33.1,84,29.4,32.7,87
2020-08-03,26.8,27.8,90,30.2,34.9,74,28.8,31.9,88,28.0,31.2,78,22.2,25.9,85,31.7,35.9,72,30.2,35.6,72,29.5,33.6,76,29.9,32.5,86,25.6,28.4,91,26.7,29.5,88,30.1,33.3,83,28.5,31.2,88
2020-08-04,27.0,27.5,89,30.7,35.0,75,29.9,33.2,84,28.7,31.5,70,22.1,24.6,82,31.7,36.9,73,30.6,34.6,70,30.4,35.3,74,28.3,31.8,93,25.9,27.6,90,26.7,30.2,88,31.2,35.3,79,27.8,29.8,89
2020-08-05,26.7,27.2,91,30.8,35.8,77,30.1,34.0,79,27.6,29.5,74,22.4,26.4,81,30.5,33.7,79,29.5,34.3,77,30.4,36.0,74,27.7,30.2,91,26.3,28.8,89,26.1,30.3,91,29.9,34.3,81,27.2,29.8,89
2020-08-06,27.4,28.2,88,28.8,32.5,87,29.8,32.1,76,29.3,33.0,72,23.0,26.5,81,30.9,34.8,71,28.7,32.3,78,30.8,34.7,70,27.7,30.9,89,25.2,27.6,94,26.0,29.8,89,29.2,31.7,80,28.3,31.6,86
2020-08-07,27.3,28.6,88,27.7,31.0,89,29.6,32.6,84,29.9,34.2,71,22.4,24.6,85,29.9,33.6,76,28.6,32.4,79,30.0,31.8,70,28.9,32.3,85,24.3,27.0,95,26.5,29.5,83,29.0,32.3,86,28.6,32.7,85
2020-08-08,27.4,28.9,86,28.0,31.9,85,30.2,33.4,84,30.0,33.4,71,22.4,25.4,85,30.8,34.5,78,28.0,31.5,84,31.1,35.4,69,29.1,31.9,87,24.6,27.1,93,25.6,27.9,88,30.3,33.4,84,28.3,32.3,89
2020-08-09,27.4,28.5,85,26.8,28.1,93,28.8,31.4,88,28.0,30.3,78,21.6,24.3,89,29.8,33.3,83,28.0,33.1,79,29.8,33.5,79,28.8,31.3,86,23.4,24.3,97,26.2,29.4,85,29.5,31.8,85,28.0,31.6,88
2020-08-10,26.4,27.2,91,27.6,30.6,89,29.4,32.3,85,28.0,32.3,82,21.5,24.8,90,28.8,31.1,87,27.6,31.4,87,27.3,30.0,90,28.9,32.6,86,24.7,26.2,92,26.0,29.1,86,30.0,33.1,83,28.7,31.9,85
2020-08-11,26.3,27.0,91,28.1,31.5,87,29.4,32.8,87,29.1,34.0,76,22.4,26.0,85,28.9,31.8,87,27.3,30.8,88,28.1,31.1,87,29.4,32.9,86,25.9,28.5,88,25.8,29.2,89,29.5,32.1,87,29.3,32.3,83
2020-08-12,26.5,27.8,90,27.1,31.0,91,27.2,28.7,95,28.4,32.5,79,22.5,25.8,82,29.8,33.8,83,28.8,32.6,80,28.5,31.5,86,29.6,32.4,84,26.0,28.5,87,25.6,28.2,90,28.2,31.6,91,28.9,32.5,87
2020-08-13,26.3,27.3,90,26.1,27.2,93,27.5,30.7,92,29.1,32.7,74,23.0,26.8,78,26.6,27.5,95,27.9,29.9,84,26.7,29.5,89,29.4,32.6,83,25.8,28.1,88,24.6,27.6,93,29.4,32.2,86,28.0,32.3,89
2020-08-14,25.9,26.5,92,26.1,28.2,93,28.5,32.7,88,28.6,31.9,77,22.3,26.0,81,27.6,30.9,89,26.4,28.3,93,28.0,30.8,82,28.9,32.5,86,25.9,28.7,89,24.7,27.0,90,30.2,33.3,81,27.0,28.7,91
2020-08-15,26.1,26.8,91,27.1,30.8,91,28.9,33.1,88,28.7,32.2,74,22.0,25.4,81,28.9,32.3,86,27.5,31.4,87,28.9,32.2,80,28.2,31.6,87,26.1,28.4,88,25.8,28.8,86,29.9,32.8,81,26.3,27.3,91
2020-08-16,26.3,26.8,91,27.1,28.9,91,29.0,32.2,84,28.3,31.8,72,21.8,25.8,83,28.7,31.9,87,27.9,31.1,88,28.7,31.4,80,28.6,31.3,85,26.2,29.0,87,26.1,29.1,86,29.2,32.4,79,27.5,30.1,85
2020-08-17,26.0,26.5,90,27.2,30.3,90,29.8,33.0,80,28.1,31.9,78,22.3,27.5,84,29.1,32.8,86,28.4,31.5,87,28.6,31.5,83,28.2,30.5,87,26.0,28.4,89,25.6,28.5,90,29.2,31.8,83,28.0,31.4,86
2020-08-18,26.1,26.6,91,26.7,29.2,91,30.1,33.7,81,28.9,33.3,75,22.0,25.9,85,29.8,32.3,84,28.6,32.9,86,28.5,31.7,84,27.8,31.4,90,26.1,28.6,88,24.9,26.9,93,29.6,32.7,83,28.3,31.2,86
2020-08-19,26.6,28.2,89,26.6,29.0,92,28.5,32.0,89,29.3,33.4,72,22.5,26.6,83,27.1,29.1,92,26.6,28.9,92,26.8,30.5,89,27.1,29.6,91,26.4,29.8,86,24.5,26.1,93,29.9,33.1,79,26.5,28.5,93
2020-08-20,26.2,27.3,91,26.7,29.3,93,29.4,32.9,80,29.0,31.5,76,22.2,26.1,83,26.5,29.1,93,26.4,29.7,89,26.4,28.3,84,26.7,28.8,91,26.3,28.8,86,24.9,27.7,93,28.2,30.1,80,27.4,30.7,88
2020-08-21,26.2,27.2,92,27.2,29.8,91,28.5,30.7,78,29.2,32.5,80,22.6,27.5,82,28.6,32.2,79,27.5,30.7,84,26.1,29.9,83,26.9,28.8,91,26.3,29.7,87,25.0,26.8,94,27.6,29.9,84,28.3,30.8,82
2020-08-22,26.6,27.5,90,27.1,29.7,91,27.7,30.2,85,28.9,32.0,82,23.0,27.6,83,28.6,32.6,75,27.1,30.2,83,27.5,30.6,80,27.4,30.5,90,26.5,30.0,88,23.7,24.4,94,27.5,30.5,90,28.2,31.1,85
2020-08-23,26.7,27.7,88,25.6,26.1,95,27.5,30.3,86,28.5,32.5,83,23.1,27.5,84,28.1,31.4,81,27.1,30.7,84,27.8,31.4,81,27.3,30.6,92,26.4,29.0,88,24.4,27.2,88,27.9,31.1,89,27.6,30.8,90
2020-08-24,27.0,28.4,86,26.2,28.3,92,28.3,31.6,84,27.7,31.2,83,22.5,26.3,86,27.7,30.6,82,26.6,29.7,87,28.2,31.2,78,28.0,31.6,90,26.6,30.1,86,25.4,29.2,83,28.5,32.2,87,28.1,30.8,88
2020-08-25,27.1,28.5,85,27.7,31.8,81,29.2,32.7,79,28.2,30.4,83,23.7,28.2,74,28.5,31.8,80,26.3,29.8,87,28.3,31.3,79,28.3,32.1,89,26.9,30.6,86,25.9,29.6,79,29.5,32.8,85,27.1,29.4,91
2020-08-26,27.0,28.7,85,27.1,31.0,85,29.3,33.0,81,28.5,32.0,85,23.6,27.7,78,29.0,32.2,79,27.0,30.7,79,28.0,31.4,83,27.2,29.4,89,27.0,30.8,85,25.9,29.7,78,29.3,32.7,81,26.0,27.2,93
2020-08-27,26.2,27.4,90,26.9,30.4,87,28.9,32.8,83,28.7,32.9,82,23.1,27.8,76,28.7,31.5,80,27.5,30.9,80,27.7,31.3,84,27.0,28.4,91,26.6,29.1,85,24.9,27.1,87,28.3,31.2,81,27.6,30.9,86
2020-08-28,25.9,26.8,92,27.0,30.4,87,28.6,30.8,81,28.7,32.8,80,23.4,28.7,72,28.5,33.0,84,27.4,31.0,81,27.4,30.9,84,28.4,32.2,85,26.4,29.8,85,24.8,27.3,90,28.4,30.9,83,28.7,32.2,82
2020-08-29,25.7,26.1,92,26.9,30.4,89,28.4,31.4,81,28.7,31.6,82,23.5,29.7,75,28.5,32.5,83,27.6,31.3,81,27.8,31.5,81,29.3,32.9,84,26.4,29.4,85,23.9,26.5,94,29.5,32.7,79,29.0,32.6,83
2020-08-30,26.0,26.8,91,25.6,26.7,95,28.5,31.5,77,28.6,31.3,83,23.6,28.6,79,27.9,30.4,79,26.1,29.9,88,27.6,30.1,79,29.6,33.4,85,26.7,30.0,83,24.8,28.3,88,29.8,33.3,78,29.4,33.6,82
2020-08-31,26.3,27.1,89,26.1,29.3,91,28.6,32.3,78,28.5,32.5,81,23.2,27.4,81,27.9,31.5,77,26.3,29.9,83,28.1,30.6,74,30.2,33.5,85,26.5,29.1,84,25.5,29.6,81,30.2,33.5,77,30.0,34.3,82
2020-09-01,26.3,27.7,90,27.1,30.9,82,29.1,33.3,77,27.9,31.7,85,22.6,26.8,87,28.5,32.4,75,26.3,29.9,81,28.1,31.5,77,27.8,29.9,92,25.8,27.7,88,25.5,29.2,83,29.9,33.1,79,28.5,32.0,87
2020-09-02,27.1,28.8,88,27.6,31.5,82,27.8,30.8,86,27.7,30.1,85,22.0,26.2,90,28.8,32.4,76,26.8,30.4,85,28.8,32.1,77,27.5,30.6,89,24.8,27.1,92,25.8,29.9,79,28.5,31.5,85,27.0,29.7,91
2020-09-03,27.6,29.6,87,27.6,30.5,86,28.8,32.5,83,27.8,30.4,83,22.8,27.3,86,28.5,31.5,83,26.6,29.9,88,28.2,30.7,80,27.9,31.1,88,25.6,28.1,89,26.0,29.1,86,29.5,32.8,79,27.6,30.7,87
2020-09-04,28.1,30.6,88,28.6,32.5,81,29.4,32.8,82,27.7,29.7,84,23.4,28.3,83,28.9,32.3,81,26.3,29.9,89,28.2,31.7,78,28.8,32.0,84,26.5,29.1,86,26.9,31.3,80,30.2,33.4,82,28.3,32.5,86
2020-09-05,28.0,30.1,87,28.9,32.5,82,29.5,33.2,83,28.1,30.5,84,23.4,27.5,85,28.3,33.1,85,26.8,29.9,86,27.5,31.0,83,29.4,32.2,83,25.6,27.5,91,27.4,31.3,76,30.2,33.1,83,28.9,32.7,84
2020-09-06,28.1,30.2,91,28.9,33.0,79,29.7,33.2,83,28.3,30.5,82,23.6,28.2,85,28.2,31.3,86,27.3,31.0,81,27.4,31.1,85,29.4,32.4,85,25.0,26.7,91,27.4,31.0,75,29.7,32.9,85,29.0,32.5,86
2020-09-07,27.5,28.8,87,28.8,32.5,78,29.9,33.8,83,28.0,31.2,83,22.9,26.4,86,28.7,32.1,83,27.1,30.4,84,27.8,31.7,79,29.5,32.1,83,25.3,27.0,91,26.8,30.9,80,28.6,31.8,88,29.3,33.4,82
2020-09-08,27.2,29.0,89,28.3,31.9,78,29.9,33.0,81,28.8,32.3,80,23.2,28.0,85,29.3,32.9,79,26.9,31.0,87,28.4,32.9,76,29.1,32.7,87,25.9,28.5,90,27.2,31.0,82,28.8,31.8,90,29.3,33.6,85
2020-09-09,28.0,29.5,89,28.5,32.4,80,29.5,33.0,85,28.1,30.9,84,22.6,26.3,88,29.8,34.1,74,28.1,32.1,81,28.5,33.1,72,28.4,30.9,89,25.1,26.8,92,27.5,31.2,84,29.2,32.1,89,29.0,32.4,85
2020-09-10,27.6,28.9,87,29.3,33.2,79,29.2,33.4,84,28.0,30.4,83,22.0,25.6,89,29.8,34.3,72,28.8,32.8,74,28.6,33.2,69,28.0,31.8,89,25.4,26.8,90,27.0,31.1,85,28.6,31.0,90,28.8,31.3,84
2020-09-11,27.3,28.5,90,28.8,32.4,79,29.1,32.6,83,28.5,31.2,76,21.7,25.2,88,30.2,34.9,69,29.1,33.4,72,28.4,33.6,68,28.2,31.3,87,26.2,28.8,86,27.1,30.5,86,27.7,30.2,89,28.6,31.6,85
2020-09-12,26.9,28.5,87,27.8,31.0,89,29.4,32.9,83,26.8,29.1,86,21.2,23.4,93,30.2,34.7,70,29.5,34.4,69,28.8,33.7,68,28.8,31.6,86,25.4,27.6,91,26.9,30.3,86,28.2,30.8,90,28.5,31.7,85
2020-09-13,27.3,28.1,82,28.5,31.5,83,29.4,32.7,84,26.1,27.6,89,20.7,22.8,93,30.0,33.6,73,29.3,34.3,65,28.8,32.9,72,29.0,32.2,85,24.9,27.4,93,27.0,30.6,87,28.5,30.8,90,28.4,31.2,86
2020-09-14,26.8,28.1,88,28.2,31.3,82,29.1,32.4,86,26.9,30.2,81,21.0,24.2,89,29.8,33.7,77,29.5,34.8,65,28.8,33.8,69,28.6,31.3,87,24.9,27.3,93,26.6,30.7,87,28.9,31.4,89,28.2,31.6,88
2020-09-15,26.5,28.1,89,28.5,31.9,81,29.1,32.1,86,28.1,31.2,75,21.7,26.4,88,30.8,35.2,69,29.8,34.8,65,29.3,34.2,67,28.2,31.0,89,25.6,27.6,90,26.6,30.4,88,28.5,31.5,89,28.2,31.5,87
2020-09-16,26.6,28.0,89,28.2,31.2,86,29.3,33.1,85,28.2,32.2,82,22.1,26.4,86,31.4,36.3,65,29.9,34.8,64,30.3,35.3,65,28.7,32.2,87,25.3,27.7,91,27.0,30.4,87,29.0,31.5,88,28.3,31.6,86
2020-09-17,26.9,27.9,88,28.4,31.6,85,30.7,35.2,80,28.7,32.4,80,22.5,27.1,83,31.7,36.6,61,30.6,34.7,61,30.3,35.3,62,29.5,32.9,83,25.3,27.1,92,28.1,31.9,82,28.6,31.3,91,28.9,32.0,85
2020-09-18,26.6,27.5,83,28.3,31.1,83,30.2,34.8,82,28.4,31.9,80,22.2,25.7,88,32.1,37.3,58,30.2,34.4,65,30.5,35.4,58,29.2,33.0,86,25.3,27.6,91,28.1,32.3,80,27.5,30.1,90,29.2,33.5,82
2020-09-19,27.3,29.0,87,28.8,32.4,84,28.8,32.0,82,26.3,27.9,88,21.3,23.9,90,31.4,36.2,63,30.2,34.3,66,29.1,34.7,61,29.8,33.3,84,25.1,27.3,92,26.7,30.7,89,28.6,32.3,84,28.7,32.8,85
2020-09-20,27.3,28.9,89,28.8,32.5,86,29.9,34.0,79,27.3,30.2,78,20.6,22.5,94,30.7,36.0,67,30.1,35.0,61,29.6,35.0,60,28.5,30.6,89,25.5,27.4,89,27.4,31.8,81,30.0,33.8,81,27.3,29.7,93
2020-09-21,27.5,29.3,90,29.8,34.3,79,30.3,34.6,78,27.6,29.8,75,20.9,22.5,91,30.8,35.6,62,29.5,35.1,57,29.8,35.6,63,27.6,29.9,90,25.4,27.3,90,26.9,30.9,86,28.5,30.5,86,27.3,30.4,90
2020-09-22,26.9,28.6,90,30.3,34.8,74,28.4,32.0,82,28.8,32.8,74,22.3,27.0,79,30.2,33.5,73,29.4,33.9,67,29.8,33.7,64,27.9,31.2,89,25.2,26.8,91,25.9,28.1,92,26.5,28.7,92,28.5,31.7,84
2020-09-23,26.5,27.0,91,29.6,34.0,80,26.2,28.5,92,28.6,33.3,72,22.2,27.4,78,29.5,32.7,73,29.0,33.7,72,28.5,33.0,71,27.3,30.4,90,25.4,27.5,91,24.6,28.2,92,27.2,30.8,91,28.8,31.2,82
2020-09-24,27.0,28.6,89,29.2,33.2,81,25.7,27.2,90,29.2,33.4,77,22.4,27.2,84,29.6,35.4,70,29.4,35.1,69,28.6,33.5,69,28.2,30.9,88,25.7,28.0,89,26.1,29.9,87,27.5,30.3,91,29.2,32.4,82
2020-09-25,27.0,28.2,87,28.4,32.3,82,27.6,32.6,81,28.6,31.3,82,22.6,26.5,85,30.6,36.6,59,29.9,36.1,56,29.5,35.0,60,28.4,30.3,88,25.4,28.2,91,26.5,30.4,82,26.6,28.3,93,28.3,31.7,88
2020-09-26,27.1,29.1,81,27.5,31.3,77,28.8,34.3,77,28.1,31.8,80,21.7,24.6,88,29.2,34.6,56,28.1,32.9,62,27.8,34.2,59,28.1,30.8,89,25.5,27.9,91,25.8,29.5,85,26.7,29.7,91,27.9,31.2,89
2020-09-27,26.4,27.8,87,27.0,31.1,77,28.6,33.5,76,27.9,32.0,84,21.9,25.3,84,28.9,34.7,58,27.0,32.0,69,27.4,33.9,52,28.5,32.4,87,25.9,28.3,89,25.0,28.3,85,27.7,31.2,89,28.8,33.0,83
2020-09-28,26.6,27.7,86,27.1,31.0,79,28.3,33.5,73,28.3,32.3,79,22.3,26.4,84,28.5,34.8,57,28.3,34.4,55,28.1,33.9,48,28.7,32.1,88,25.9,28.6,90,25.5,29.5,82,28.7,31.7,85,28.5,32.9,87
2020-09-29,26.8,28.1,87,27.5,31.7,74,27.7,33.3,71,27.6,33.2,82,22.0,25.8,88,28.0,34.5,55,28.3,34.3,46,28.0,33.7,49,28.2,31.8,89,25.9,28.2,87,25.8,30.0,81,28.5,32.6,81,28.1,31.8,89
2020-09-30,26.9,28.4,84,27.8,31.7,74,27.1,33.1,70,27.1,29.9,83,21.0,23.7,91,27.9,34.5,51,28.5,34.7,42,27.9,33.9,48,28.4,31.4,87,25.3,27.5,90,26.3,30.5,76,28.7,32.2,80,26.5,30.2,92
2020-10-01,27.0,28.8,84,28.5,33.1,73,27.3,33.0,74,28.0,31.5,74,22.1,26.1,81,28.3,35.2,52,28.7,35.2,42,27.8,34.2,48,27.7,30.2,91,25.6,28.1,89,26.9,31.7,67,29.3,32.4,81,25.9,29.6,93
2020-10-02,27.5,29.5,85,29.1,34.6,68,27.8,32.8,75,29.1,32.8,72,22.6,27.1,82,27.9,34.7,59,28.4,35.1,38,27.0,33.8,50,27.5,31.0,89,25.8,28.6,88,26.5,32.0,63,28.7,30.8,88,26.4,29.5,91
2020-10-03,27.3,29.3,89,28.8,34.5,67,28.4,33.3,74,29.6,33.6,70,22.5,27.0,84,27.3,33.7,56,27.2,34.9,38,26.5,33.4,51,27.7,31.5,90,25.8,28.3,86,26.1,32.3,62,27.7,30.6,89,26.7,29.3,93
2020-10-04,26.6,27.6,89,28.2,34.6,67,28.4,32.9,75,29.4,33.6,67,22.1,26.3,84,26.4,33.5,52,27.6,34.8,37,26.7,33.3,52,27.8,31.1,90,25.6,28.4,86,26.6,32.3,57,27.4,30.0,90,26.8,29.7,91
2020-10-05,26.9,28.2,88,28.4,34.2,66,29.1,33.6,72,29.4,33.9,69,22.2,27.0,81,26.7,34.0,50,27.0,34.7,39,27.1,34.2,48,27.4,30.1,91,25.8,29.2,82,26.0,32.2,57,28.0,30.9,88,26.7,30.1,91
2020-10-06,27.4,30.2,87,28.7,35.2,61,28.5,34.3,67,29.2,33.5,73,23.1,27.9,81,26.7,34.1,52,27.8,34.9,35,26.9,34.0,46,27.6,31.2,90,26.1,29.0,85,25.4,32.1,52,27.9,30.8,88,26.6,29.2,92
2020-10-07,27.9,29.8,89,29.3,36.2,52,28.4,34.2,66,29.4,33.8,77,23.2,28.0,80,26.8,34.5,57,27.6,34.6,36,26.5,34.0,44,27.2,30.4,91,26.0,28.4,87,25.8,32.3,52,28.0,30.7,89,27.2,30.5,90
2020-10-08,28.4,30.4,86,29.1,35.9,52,28.4,33.9,66,28.8,32.7,81,23.4,28.3,79,26.9,34.0,56,27.7,34.4,37,26.5,34.1,46,28.0,31.6,89,25.8,28.4,90,26.2,32.4,48,28.9,31.6,85,27.4,30.9,90
2020-10-09,29.0,31.4,83,29.6,35.9,46,28.3,34.3,62,28.4,31.3,84,23.2,27.8,83,27.0,33.5,56,27.6,34.1,38,26.6,33.5,49,28.9,32.5,88,25.5,28.2,89,26.5,32.1,57,29.1,31.7,85,27.9,32.1,88
2020-10-10,28.5,30.2,86,29.7,35.8,48,28.2,34.6,59,27.0,28.7,88,22.2,26.0,88,27.3,33.7,55,27.4,34.6,39,26.9,33.8,50,29.0,33.2,87,25.1,27.0,92,27.6,32.9,58,28.7,32.5,80,27.9,32.1,90
2020-10-11,27.7,29.0,89,29.5,35.6,51,28.8,34.0,60,26.7,29.8,85,21.3,24.4,90,27.5,33.7,53,27.1,34.3,37,26.9,33.8,48,28.8,32.9,86,25.5,27.7,90,26.7,32.2,52,28.7,32.4,73,27.9,31.6,85
2020-10-12,27.9,30.0,87,29.1,35.4,52,29.0,34.3,60,27.5,31.1,81,21.1,24.6,92,27.3,33.2,60,27.5,34.1,36,26.4,33.2,51,29.3,32.8,84,25.6,27.6,89,27.2,32.3,61,28.9,31.6,79,27.8,31.6,85
2020-10-13,28.2,30.2,88,29.0,35.8,49,28.9,34.1,61,28.4,31.8,75,21.7,24.9,85,27.4,34.0,62,27.3,33.8,40,27.1,32.6,54,29.2,32.9,84,25.4,27.2,90,27.5,32.4,74,29.2,32.5,82,26.9,29.0,90
2020-10-14,27.8,29.1,91,29.6,35.7,46,29.4,34.3,68,29.2,32.9,64,21.4,24.9,79,27.6,33.1,66,27.5,33.9,47,27.0,33.2,53,29.0,32.6,83,25.4,27.4,90,28.5,32.6,64,28.8,32.3,83,26.2,29.6,93
2020-10-15,28.0,30.8,88,31.3,36.1,53,29.7,34.2,66,28.8,32.4,68,22.1,26.5,79,27.3,33.5,56,28.3,33.2,52,26.5,33.3,45,28.5,32.0,86,25.6,27.3,90,27.7,31.9,65,29.1,32.5,81,26.3,29.0,93
2020-10-16,28.0,30.3,79,31.0,35.3,60,29.4,34.8,61,28.7,32.1,83,22.3,26.7,82,25.6,32.9,47,28.2,33.6,39,25.6,32.3,46,29.0,32.5,84,25.9,28.8,87,27.3,32.1,72,29.2,32.3,79,26.9,30.4,91
2020-10-17,27.8,30.0,78,29.5,33.3,77,28.2,35.2,52,27.4,30.5,87,22.6,27.2,76,27.0,33.2,43,28.0,33.7,43,26.0,32.6,42,29.1,32.8,86,25.5,28.0,89,27.6,32.4,72,29.1,32.9,78,27.6,32.0,85
2020-10-18,27.3,28.7,83,28.5,32.0,84,27.7,34.9,51,26.8,29.3,88,22.5,26.8,81,26.1,33.2,39,28.5,33.6,43,25.8,32.3,38,28.8,32.8,85,26.0,28.8,87,27.9,32.3,71,27.7,32.8,75,27.5,31.0,88
2020-10-19,27.3,29.0,86,28.8,32.6,82,27.3,34.2,48,27.5,30.6,86,22.0,25.0,90,25.3,32.4,36,27.2,31.7,44,25.4,32.8,39,28.5,31.9,86,25.9,28.9,88,27.6,32.5,74,27.1,32.5,73,26.6,29.8,91
2020-10-20,27.4,29.9,89,29.2,33.3,78,26.4,32.6,52,26.4,28.4,90,21.8,24.8,91,24.9,33.0,36,26.2,32.9,34,25.3,32.1,34,28.7,32.8,81,25.8,28.1,88,26.8,30.1,77,27.6,32.1,76,27.4,31.6,87
2020-10-21,27.3,29.9,88,29.2,33.1,75,26.1,32.0,62,26.6,30.4,88,21.7,25.2,90,25.4,33.4,42,26.2,31.9,36,24.3,32.0,37,27.5,30.9,88,25.7,27.6,90,27.2,32.5,53,28.3,31.3,76,26.8,29.8,90
2020-10-22,26.9,29.5,89,29.3,35.0,58,26.4,32.4,61,27.7,31.9,84,21.5,24.4,92,26.2,32.5,42,27.0,31.9,42,24.7,32.6,31,25.6,28.1,91,26.1,28.9,85,26.8,32.2,51,27.6,30.7,78,25.5,27.0,94
2020-10-23,27.4,29.9,86,27.0,34.7,45,26.6,33.0,58,27.4,31.8,81,21.8,25.1,87,25.4,32.5,44,26.6,32.0,41,23.9,31.3,35,25.5,28.8,87,25.8,28.5,87,26.4,32.2,58,27.5,30.8,79,27.1,31.5,81
2020-10-24,27.0,28.2,89,26.2,33.7,48,25.9,33.6,45,28.0,32.1,79,20.9,26.0,83,24.9,32.4,43,25.6,32.4,35,23.8,30.9,44,26.2,30.2,85,26.0,29.3,85,26.1,32.9,52,27.1,31.9,69,27.3,31.9,82
2020-10-25,27.2,29.0,89,27.4,34.0,46,25.0,33.3,50,27.8,31.0,82,22.4,27.2,83,25.6,32.9,42,25.4,31.5,35,24.3,31.8,37,27.2,31.4,81,25.9,29.9,85,25.7,31.5,45,24.6,30.7,64,26.8,31.1,85
2020-10-26,27.9,30.7,83,26.9,34.0,47,24.9,33.5,54,27.4,30.8,84,22.6,27.8,77,25.1,32.2,42,25.4,31.5,33,24.2,31.2,31,27.2,31.3,76,26.2,30.0,85,25.6,31.9,42,24.4,30.6,67,26.9,31.4,80
2020-10-27,27.8,30.9,77,25.7,33.6,45,24.3,32.4,50,26.7,29.0,85,22.1,27.4,74,23.1,30.8,35,23.5,30.3,35,23.0,30.4,34,25.4,30.6,75,25.9,28.7,89,25.6,31.5,49,24.1,30.2,70,26.5,31.3,70
2020-10-28,27.6,31.4,79,25.9,32.9,42,23.3,31.4,51,26.2,28.0,82,21.8,27.0,71,23.1,30.2,39,22.9,29.2,35,21.9,29.6,43,25.5,30.2,78,25.9,30.0,88,24.8,30.8,47,24.2,30.6,65,25.8,30.6,68
2020-10-29,27.1,30.0,82,25.6,32.7,48,23.3,30.9,58,25.0,27.0,87,21.2,26.3,72,23.9,30.2,45,22.4,29.1,41,22.2,29.8,42,26.5,31.0,77,26.1,29.3,88,24.1,30.7,45,24.1,30.5,60,25.5,30.4,67
2020-10-30,26.9,30.9,80,25.5,32.6,48,24.0,31.1,53,26.9,30.4,77,21.6,27.1,65,22.4,30.1,46,22.1,29.4,38,22.8,29.8,39,27.2,31.7,77,26.0,29.6,88,23.6,30.2,47,24.5,30.4,61,25.8,31.2,66
2020-10-31,26.8,30.4,74,25.3,32.6,43,23.6,30.9,49,26.9,31.0,80,22.3,26.9,74,21.9,30.1,40,21.9,29.7,34,22.8,30.4,41,26.7,31.0,79,26.0,29.0,86,23.3,29.3,44,25.8,30.9,65,26.5,31.5,69
2020-11-01,26.8,30.4,76,25.3,32.5,40,23.5,30.1,48,27.0,30.8,82,22.8,27.0,73,21.4,29.0,30,21.5,28.5,26,22.8,29.4,43,26.6,29.7,89,26.3,29.3,85,23.1,29.3,38,25.5,30.8,64,26.8,31.2,81
2020-11-02,27.8,31.6,76,25.2,32.7,41,22.3,29.8,46,27.4,30.8,84,23.5,27.9,72,21.9,29.4,29,21.2,28.6,29,22.5,29.1,41,26.7,30.7,85,26.3,29.2,85,22.8,29.8,40,24.8,30.1,61,27.3,31.2,82
2020-11-03,28.3,32.8,70,25.3,32.7,44,21.4,30.1,45,27.5,30.4,84,23.1,27.5,75,21.9,29.7,32,20.9,29.0,32,22.2,28.5,43,27.0,31.1,81,26.8,30.3,85,22.2,29.6,33,23.7,29.1,51,26.9,30.9,81
2020-11-04,27.5,32.4,71,24.5,32.6,44,21.5,30.1,46,26.9,28.8,87,23.0,27.7,79,21.4,29.0,39,21.1,29.2,35,22.5,29.4,46,25.1,30.0,64,26.5,29.8,86,23.1,30.3,36,22.5,29.1,53,26.6,30.9,76
2020-11-05,27.3,33.3,65,24.4,32.2,53,21.5,29.6,52,27.3,29.8,84,22.7,27.8,82,22.6,30.1,40,21.3,29.0,40,22.3,30.0,41,24.5,30.2,67,25.8,29.3,88,22.1,29.3,42,21.7,28.6,63,25.7,30.6,74
2020-11-06,27.1,32.8,60,25.1,32.3,51,21.7,30.3,61,27.0,28.8,86,22.9,27.5,80,21.9,30.3,41,21.9,28.9,39,22.2,29.7,34,23.8,29.7,70,26.4,29.4,88,22.8,29.0,40,22.7,28.1,63,25.4,30.7,77
2020-11-07,26.8,33.0,61,24.9,32.9,46,21.5,30.2,58,26.8,28.6,88,22.8,27.3,80,21.4,29.5,42,21.8,29.0,41,21.9,29.2,34,22.3,29.1,70,27.1,30.9,83,21.8,29.0,47,21.7,28.7,65,24.5,30.0,73
2020-11-08,27.8,33.7,61,24.7,32.8,41,21.2,29.3,59,27.8,29.8,73,22.6,27.3,78,21.5,29.2,45,21.6,28.5,42,20.2,27.9,44,22.7,29.0,72,26.2,30.2,89,21.4,28.5,46,22.7,28.6,65,23.3,28.8,65
2020-11-09,26.8,32.2,64,24.4,32.3,42,21.1,28.6,66,27.1,29.4,68,21.6,26.6,74,20.9,28.7,52,20.8,28.6,47,20.6,28.1,45,23.4,29.6,74,26.6,30.5,85,20.7,28.1,46,22.0,28.7,72,22.9,28.9,70
2020-11-10,26.0,32.4,61,23.9,32.1,43,21.5,29.1,65,26.5,29.1,68,19.7,26.2,63,21.1,27.7,57,20.4,27.9,49,20.8,28.2,49,24.6,30.4,73,26.2,29.3,86,20.2,27.1,48,22.9,28.4,71,23.8,29.4,78
2020-11-11,25.6,31.9,60,23.8,31.9,40,22.0,28.8,62,25.6,27.8,87,20.8,27.2,71,20.6,27.7,62,19.7,26.1,55,20.8,28.0,53,25.9,31.6,67,26.2,30.2,82,20.2,26.7,48,24.1,29.6,66,25.6,30.3,82
2020-11-12,25.4,31.8,56,23.9,31.3,40,23.0,29.8,61,25.8,27.9,89,22.2,27.7,80,21.0,27.3,58,20.0,26.2,50,20.5,27.7,50,25.1,31.2,65,26.4,31.1,84,21.2,28.0,60,24.0,30.4,62,25.9,29.7,72
2020-11-13,26.3,32.0,66,24.9,32.2,46,23.3,29.6,54,26.8,28.6,86,22.2,26.6,85,21.0,27.2,53,20.7,26.8,51,20.7,27.4,48,25.1,31.3,64,26.1,28.7,91,23.3,28.9,70,24.1,29.8,62,25.7,30.4,68
2020-11-14,27.6,32.8,71,25.7,33.2,55,22.0,29.4,55,27.5,29.9,81,22.5,27.3,78,20.4,27.9,55,20.7,27.3,57,19.2,26.0,55,25.1,31.6,62,27.1,31.3,84,23.7,28.7,72,23.7,29.5,65,24.9,30.8,69
2020-11-15,27.8,31.7,72,27.2,33.0,54,22.8,29.8,56,26.0,27.0,90,21.4,26.5,88,21.1,29.0,61,20.6,25.3,73,20.0,26.2,57,24.9,31.2,60,26.8,30.8,81,25.1,31.0,57,23.4,29.2,67,25.3,30.9,71
2020-11-16,28.1,32.5,67,26.6,33.0,43,20.4,25.2,73,25.2,26.1,93,21.5,24.7,91,19.5,25.1,79,19.8,25.2,86,17.2,21.9,72,24.4,31.4,67,25.1,26.9,94,24.6,30.5,56,22.6,28.8,70,25.8,31.2,72
2020-11-17,28.5,33.3,65,25.4,32.4,48,20.5,27.3,76,26.3,28.7,88,21.9,25.7,85,18.7,24.1,74,19.6,25.1,79,17.5,23.8,61,24.6,31.1,66,26.5,30.2,85,23.7,29.6,67,22.3,27.8,71,26.1,31.9,77
2020-11-18,27.4,30.1,73,24.0,30.6,58,20.4,26.0,74,26.5,28.3,86,21.8,26.0,82,17.8,23.8,68,19.0,24.3,71,16.1,22.5,73,25.1,30.8,74,26.4,30.0,86,24.0,29.7,67,23.0,27.8,71,25.8,31.1,79
2020-11-19,27.9,31.9,68,23.1,30.3,51,20.5,25.8,68,27.2,29.3,80,21.8,26.3,80,17.2,23.2,63,18.9,23.5,68,15.8,21.7,69,25.6,30.2,82,26.3,29.2,86,23.7,28.7,72,22.4,27.1,75,25.8,30.8,82
2020-11-20,27.3,30.7,64,23.3,30.1,50,19.2,25.2,63,26.3,29.2,81,21.7,26.6,74,16.5,23.6,58,17.7,24.1,49,16.5,22.5,59,25.9,30.9,85,26.5,29.9,83,21.8,26.9,72,22.6,27.4,79,26.3,32.2,81
2020-11-21,26.6,30.3,65,22.8,29.8,45,17.4,23.6,55,25.1,28.4,82,20.1,26.1,63,16.3,22.6,52,16.8,23.3,46,15.4,21.1,53,24.3,27.8,86,26.1,29.9,82,18.9,24.8,56,20.9,25.3,58,25.9,30.7,79
2020-11-22,25.7,30.4,75,22.4,29.8,45,16.2,23.2,54,24.7,28.5,82,19.8,26.5,64,15.8,22.6,53,15.9,22.7,51,15.3,21.0,53,22.9,27.7,60,25.8,29.7,79,17.7,24.7,55,18.3,23.9,56,24.2,28.8,76
2020-11-23,25.8,30.2,73,22.7,30.3,48,15.6,23.8,66,26.5,29.2,78,21.0,26.9,74,15.8,23.1,58,16.7,22.9,52,15.2,19.7,66,20.8,26.7,63,26.0,29.5,78,18.9,27.0,58,17.8,24.6,64,22.4,28.2,69
2020-11-24,25.9,30.4,67,22.6,30.9,48,16.4,24.0,68,25.0,26.6,90,21.5,26.7,78,16.1,23.0,62,17.0,23.6,58,15.9,21.1,67,20.4,27.3,67,26.1,29.1,82,20.0,27.6,56,18.4,24.9,66,21.1,26.9,64
2020-11-25,26.4,30.3,71,24.3,31.3,46,17.7,25.4,70,25.1,26.4,91,20.6,25.0,81,17.0,22.1,64,18.5,24.5,56,15.2,18.1,72,21.3,27.9,72,26.3,29.1,84,20.2,27.4,50,19.7,25.2,68,21.6,26.7,66
2020-11-26,26.3,30.7,65,24.6,30.1,53,18.5,25.5,69,26.1,28.0,83,19.1,20.6,95,17.3,22.5,69,17.4,21.6,73,16.2,21.5,66,22.2,28.5,72,26.5,28.9,85,20.6,27.9,52,20.0,25.7,72,21.7,24.9,75
2020-11-27,27.6,32.5,46,24.1,30.0,50,18.0,26.0,70,25.0,28.1,77,19.2,23.4,85,17.3,24.1,67,17.4,24.4,56,16.0,24.0,61,22.2,26.3,69,26.3,28.9,84,19.2,25.3,56,19.5,23.5,77,22.2,26.2,69
2020-11-28,27.2,32.0,53,22.8,29.8,45,18.2,26.5,66,25.3,28.1,85,20.5,25.0,82,16.4,23.8,63,17.0,24.9,54,15.1,22.2,57,22.4,28.4,64,26.3,29.5,85,18.9,25.7,60,19.2,26.1,75,22.3,27.9,63
2020-11-29,27.1,30.8,69,24.2,31.2,48,17.9,26.1,62,25.6,27.7,89,21.4,25.9,82,15.6,23.4,64,17.4,24.1,57,15.1,20.9,63,21.6,28.2,68,26.4,31.0,82,19.8,27.0,59,19.0,26.0,70,22.5,28.5,64
2020-11-30,26.9,31.4,70,26.0,32.5,51,17.2,25.6,63,26.3,28.7,80,21.4,25.3,80,16.2,24.0,65,18.4,25.7,57,16.0,22.0,67,21.2,28.3,66,26.8,30.9,78,20.6,27.7,60,19.0,25.8,68,22.1,28.6,68
2020-12-01,27.9,32.8,67,25.3,32.6,55,17.6,25.6,68,26.4,28.8,70,20.0,25.1,72,16.6,24.5,69,18.3,26.6,57,16.6,22.6,70,21.3,28.1,67,26.9,31.3,78,20.0,27.4,58,19.0,26.1,69,21.8,28.5,68
2020-12-02,27.3,32.5,68,24.8,32.6,47,18.0,25.6,74,25.6,27.6,83,20.3,25.8,79,17.7,25.6,67,19.9,27.6,48,17.7,24.1,67,22.0,28.7,64,26.0,29.0,79,20.6,27.3,52,19.1,25.9,70,21.5,28.6,72
2020-12-03,26.4,31.9,66,24.1,32.3,46,18.4,26.3,73,24.8,25.4,92,19.6,22.8,89,18.5,25.5,64,19.8,27.9,41,16.6,22.6,68,22.3,28.3,64,24.9,27.3,84,20.3,27.9,52,18.9,25.4,72,22.2,29.0,74
2020-12-04,25.7,31.9,68,24.3,32.4,48,18.6,25.9,72,24.8,25.4,92,20.5,23.0,90,18.6,26.8,64,20.4,28.3,45,16.7,22.7,65,22.1,28.1,68,25.6,28.0,83,21.6,28.8,48,19.6,25.6,73,22.1,28.6,77
2020-12-05,25.5,32.3,66,24.4,32.2,50,18.6,26.4,73,25.1,26.7,91,21.0,24.5,88,18.9,26.5,68,20.7,28.4,52,17.5,24.6,60,21.9,28.4,73,24.7,26.6,94,21.8,29.5,45,20.0,26.0,72,22.2,29.1,78
